alpha2	alpha3	numeric	name	nameja	areaja
IS	ISL	352	Iceland	______	______
IE	IRL	372	Ireland	______	______
AZ	AZE	31	Azerbaijan	________	______
AF	AFG	4	Afghanistan	_______	__
US	USA	840	United States	_______	_____
VI	VIR	850	"Virgin Islands, U.S."	____________	______
AS	ASM	16	American Samoa	________	_____
AE	ARE	784	United Arab Emirates	________	__
DZ	DZA	12	Algeria	______	_____
AR	ARG	32	Argentina	______	_____
AW	ABW	533	Aruba	___	______
AL	ALB	8	Albania	_____	______
AM	ARM	51	Armenia	_____	______
AI	AIA	660	Anguilla	____	______
AO	AGO	24	Angola	____	_____
AG	ATG	28	Antigua and Barbuda	____________	______
AD	AND	20	Andorra	____	______
YE	YEM	887	Yemen	____	__
GB	GBR	826	United Kingdom	____	______
IO	IOT	86	British Indian Ocean Territory	___________	______
VG	VGB	92	"Virgin Islands, British"	____________	______
IL	ISR	376	Israel	_____	__
IT	ITA	380	Italy	____	______
IQ	IRQ	368	Iraq	___	__
IR	IRN	364	"Iran, Islamic Republic of"	___________	__
IN	IND	356	India	___	____
ID	IDN	360	Indonesia	______	_____
WF	WLF	876	Wallis and Futuna	________	_____
UG	UGA	800	Uganda	____	______
UA	UKR	804	Ukraine	_____	______
UZ	UZB	860	Uzbekistan	_______	_____
UY	URY	858	Uruguay	_____	_____
EC	ECU	218	Ecuador	_____	_____
EG	EGY	818	Egypt	____	_____
EE	EST	233	Estonia	_____	______
SZ	SWZ	748	Eswatini	______	_____
ET	ETH	231	Ethiopia	_____	_____
ER	ERI	232	Eritrea	_____	_____
SV	SLV	222	El Salvador	_______	______
AU	AUS	36	Australia	_______	_____
AT	AUT	40	Austria	______	______
AX	ALA	248	Åland Islands	_______	______
OM	OMN	512	Oman	____	__
NL	NLD	528	Netherlands	____	______
GH	GHA	288	Ghana	___	_____
CV	CPV	132	Cape Verde	______	_____
GG	GGY	831	Guernsey	_____	______
GY	GUY	328	Guyana	____	_____
KZ	KAZ	398	Kazakhstan	______	_____
QA	QAT	634	Qatar	____	__
UM	UMI	581	United States Minor Outlying Islands	________	_____
CA	CAN	124	Canada	___	_____
GA	GAB	266	Gabon	___	______
CM	CMR	120	Cameroon	_____	______
GM	GMB	270	Gambia	____	_____
KH	KHM	116	Cambodia	_____	_____
MK	MKD	807	North Macedonia	______	______
MP	MNP	580	Northern Mariana Islands	_______	_____
GN	GIN	324	Guinea	___	_____
GW	GNB	624	Guinea-Bissau	______	_____
CY	CYP	196	Cyprus	____	_____
CU	CUB	192	Cuba	____	______
CW	CUW	531	Curaçao	_____	______
GR	GRC	300	Greece	____	______
KI	KIR	296	Kiribati	____	_____
KG	KGZ	417	Kyrgyzstan	____	_____
GT	GTM	320	Guatemala	_____	______
GP	GLP	312	Guadeloupe	______	______
GU	GUM	316	Guam	___	_____
KW	KWT	414	Kuwait	_____	__
CK	COK	184	Cook Islands	_____	_____
GL	GRL	304	Greenland	_______	______
CX	CXR	162	Christmas Island	______	_____
GD	GRD	308	Grenada	____	______
HR	HRV	191	Croatia	_____	______
KY	CYM	136	Cayman Islands	______	______
KE	KEN	404	Kenya	___	_____
CI	CIV	384	Côte d'Ivoire	________	_____
CC	CCK	166	Cocos (Keeling) Islands	____________	______
CR	CRI	188	Costa Rica	_____	______
KM	COM	174	Comoros	___	______
CO	COL	170	Colombia	_____	_____
CG	COG	178	Congo	______	______
CD	COD	180	"Congo, the Democratic Republic of the"	________	______
SA	SAU	682	Saudi Arabia	_______	__
GS	SGS	239	South Georgia and the South Sandwich Islands	_____________________	_____
WS	WSM	882	Samoa	___	_____
ST	STP	678	Sao Tome and Principe	__________	______
BL	BLM	652	Saint Barthélemy	_________	______
ZM	ZMB	894	Zambia	____	_____
PM	SPM	666	Saint Pierre and Miquelon	_____________	_____
SM	SMR	674	San Marino	_____	______
MF	MAF	663	Saint Martin (French part)	______________	______
SL	SLE	694	Sierra Leone	______	_____
DJ	DJI	262	Djibouti	___	_____
GI	GIB	292	Gibraltar	______	______
JE	JEY	832	Jersey	_____	______
JM	JAM	388	Jamaica	_____	______
GE	GEO	268	Georgia	_____	______
SY	SYR	760	Syrian Arab Republic	__________	__
SG	SGP	702	Singapore	______	_____
SX	SXM	534	Sint Maarten (Dutch part)	________________	______
ZW	ZWE	716	Zimbabwe	_____	_____
CH	CHE	756	Switzerland	___	______
SE	SWE	752	Sweden	______	______
SD	SDN	729	Sudan	____	_____
SJ	SJM	744	Svalbard and Jan Mayen	___________________	______
ES	ESP	724	Spain	____	______
SR	SUR	740	Suriname	____	_____
LK	LKA	144	Sri Lanka	_____	____
SK	SVK	703	Slovakia	_____	______
SI	SVN	705	Slovenia	_____	______
SC	SYC	690	Seychelles	_____	______
GQ	GNQ	226	Equatorial Guinea	_____	______
SN	SEN	686	Senegal	____	_____
RS	SRB	688	Serbia	____	______
KN	KNA	659	Saint Kitts and Nevis	_______________	______
VC	VCT	670	Saint Vincent and the Grenadines	____________________	______
SH	SHN	654	"Saint Helena, Ascension and Tristan da Cunha"	__________________________	_____
LC	LCA	662	Saint Lucia	______	______
SO	SOM	706	Somalia	____	_____
SB	SLB	90	Solomon Islands	______	_____
TC	TCA	796	Turks and Caicos Islands	___________	______
TH	THA	764	Thailand	__	_____
KR	KOR	410	"Korea, Republic of"	____	____
TW	TWN	158	"Taiwan, Province of China"	___________	____
TJ	TJK	762	Tajikistan	______	_____
TZ	TZA	834	"Tanzania, United Republic of"	_____	_____
CZ	CZE	203	Czechia	___	______
TD	TCD	148	Chad	___	______
CF	CAF	140	Central African Republic	_________	______
CN	CHN	156	China	_______	____
TN	TUN	788	Tunisia	_____	_____
KP	PRK	408	"Korea, Democratic People's Republic of"	___________	____
CL	CHL	152	Chile	__	_____
TV	TUV	798	Tuvalu	___	_____
DK	DNK	208	Denmark	_____	______
DE	DEU	276	Germany	___	______
TG	TGO	768	Togo	___	_____
TK	TKL	772	Tokelau	____	_____
DO	DOM	214	Dominican Republic	_______	______
DM	DMA	212	Dominica	_____	______
TT	TTO	780	Trinidad and Tobago	__________	______
TM	TKM	795	Turkmenistan	________	_____
TR	TUR	792	Turkey	___	__
TO	TON	776	Tonga	___	_____
NG	NGA	566	Nigeria	______	______
NR	NRU	520	Nauru	___	_____
NA	NAM	516	Namibia	____	_____
AQ	ATA	10	Antarctica	__	__
NU	NIU	570	Niue	___	_____
NI	NIC	558	Nicaragua	_____	______
NE	NER	562	Niger	_____	______
JP	JPN	392	Japan	__	____
EH	ESH	732	Western Sahara	____	_____
NC	NCL	540	New Caledonia	________	_____
NZ	NZL	554	New Zealand	________	_____
NP	NPL	524	Nepal	____	____
NF	NFK	574	Norfolk Island	_______	_____
NO	NOR	578	Norway	_____	______
HM	HMD	334	Heard Island and McDonald Islands	_____________	______
BH	BHR	48	Bahrain	_____	__
HT	HTI	332	Haiti	___	______
PK	PAK	586	Pakistan	_____	____
VA	VAT	336	Holy See (Vatican City State)	______	______
PA	PAN	591	Panama	___	______
VU	VUT	548	Vanuatu	____	_____
BS	BHS	44	Bahamas	___	______
PG	PNG	598	Papua New Guinea	_________	_____
BM	BMU	60	Bermuda	_____	______
PW	PLW	585	Palau	___	_____
PY	PRY	600	Paraguay	_____	_____
BB	BRB	52	Barbados	_____	______
PS	PSE	275	"Palestinian Territory, Occupied"	_____	__
HU	HUN	348	Hungary	_____	______
BD	BGD	50	Bangladesh	_______	____
TL	TLS	626	Timor-Leste	______	_____
PN	PCN	612	Pitcairn	_____	_____
FJ	FJI	242	Fiji	____	_____
PH	PHL	608	Philippines	_____	_____
FI	FIN	246	Finland	______	______
BT	BTN	64	Bhutan	____	____
BV	BVT	74	Bouvet Island	____	__
PR	PRI	630	Puerto Rico	______	______
FO	FRO	234	Faroe Islands	______	______
FK	FLK	238	Falkland Islands (Malvinas)	________________	_____
BR	BRA	76	Brazil	____	_____
FR	FRA	250	France	____	______
GF	GUF	254	French Guiana	________	_____
PF	PYF	258	French Polynesia	__________	_____
TF	ATF	260	French Southern Territories	____________	______
BG	BGR	100	Bulgaria	_____	______
BF	BFA	854	Burkina Faso	_______	_____
BN	BRN	96	Brunei Darussalam	___________	_____
BI	BDI	108	Burundi	____	______
VN	VNM	704	Viet Nam	____	_____
BJ	BEN	204	Benin	___	_____
VE	VEN	862	"Venezuela, Bolivarian Republic of"	_____________	_____
BY	BLR	112	Belarus	_____	______
BZ	BLZ	84	Belize	____	______
PE	PER	604	Peru	___	_____
BE	BEL	56	Belgium	____	______
PL	POL	616	Poland	_____	______
BA	BIH	70	Bosnia and Herzegovina	____________	______
BW	BWA	72	Botswana	____	_____
BQ	BES	535	"Bonaire, Saint Eustatius and Saba"	______________________	______
BO	BOL	68	"Bolivia, Plurinational State of"	________	_____
PT	PRT	620	Portugal	_____	______
HK	HKG	344	Hong Kong	__	____
HN	HND	340	Honduras	______	______
MH	MHL	584	Marshall Islands	_______	_____
MO	MAC	446	Macau	___	____
MG	MDG	450	Madagascar	______	______
YT	MYT	175	Mayotte	____	______
MW	MWI	454	Malawi	____	_____
ML	MLI	466	Mali	__	_____
MT	MLT	470	Malta	___	_____
MQ	MTQ	474	Martinique	_______	______
MY	MYS	458	Malaysia	_____	_____
IM	IMN	833	Isle of Man	___	______
FM	FSM	583	"Micronesia, Federated States of"	________	_____
ZA	ZAF	710	South Africa	_____	_____
SS	SSD	728	South Sudan	_____	_____
MM	MMR	104	Myanmar	_____	_____
MX	MEX	484	Mexico	____	______
MU	MUS	480	Mauritius	______	_____
MR	MRT	478	Mauritania	______	_____
MZ	MOZ	508	Mozambique	______	_____
MC	MCO	492	Monaco	___	______
MV	MDV	462	Maldives	_____	______
MD	MDA	498	"Moldova, Republic of"	_______	______
MA	MAR	504	Morocco	____	_____
MN	MNG	496	Mongolia	____	____
ME	MNE	499	Montenegro	______	______
MS	MSR	500	Montserrat	______	______
JO	JOR	400	Jordan	____	__
LA	LAO	418	Lao People's Democratic Republic	__________	_____
LV	LVA	428	Latvia	____	______
LT	LTU	440	Lithuania	_____	______
LY	LBY	434	Libya	___	_____
LI	LIE	438	Liechtenstein	_________	______
LR	LBR	430	Liberia	____	_____
RO	ROU	642	Romania	_____	______
LU	LUX	442	Luxembourg	_______	______
RW	RWA	646	Rwanda	____	______
LS	LSO	426	Lesotho	___	_____
LB	LBN	422	Lebanon	____	__
RE	REU	638	Réunion	_____	______
RU	RUS	643	Russian Federation	_____	___