"Country Name","Country Code","Indicator Name","Indicator Code","1960","1961","1962","1963","1964","1965","1966","1967","1968","1969","1970","1971","1972","1973","1974","1975","1976","1977","1978","1979","1980","1981","1982","1983","1984","1985","1986","1987","1988","1989","1990","1991","1992","1993","1994","1995","1996","1997","1998","1999","2000","2001","2002","2003","2004","2005","2006","2007","2008","2009","2010","2011","2012","2013","2014","2015","2016","2017","2018",
"Aruba","ABW","Literacy rate, youth total (% of people ages 15-24)","SE.ADT.1524.LT.ZS","","","","","","","","","","","","","","","","","","","","","","","","","","","","","","","","","","","","","","","","","99.02641","","","","","","","","","","99.1384099999999","","","","","","","","",
"Afghanistan","AFG","Literacy rate, youth total (% of people ages 15-24)","SE.ADT.1524.LT.ZS","","","","","","","","","","","","","","","","","","","","30.06635","","","","","","","","","","","","","","","","","","","","","","","","","","","","","","","","46.99005","","","","","","","",
"Angola","AGO","Literacy rate, youth total (% of people ages 15-24)","SE.ADT.1524.LT.ZS","","","","","","","","","","","","","","","","","","","","","","","","","","","","","","","","","","","","","","","","","","72.19449","","","","","","","","","","","","","77.43113","","","","",
"Albania","ALB","Literacy rate, youth total (% of people ages 15-24)","SE.ADT.1524.LT.ZS","","","","","","","","","","","","","","","","","","","","","","","","","","","","","","","","","","","","","","","","","","99.4351499999999","","","","","","","98.83121","","","98.79119","99.2313999999999","","","","","","",
"Andorra","AND","Literacy rate, youth total (% of people ages 15-24)","SE.ADT.1524.LT.ZS","","","","","","","","","","","","","","","","","","","","","","","","","","","","","","","","","","","","","","","","","","","","","","","","","","","","","","","","","","","",
"Arab World","ARB","Literacy rate, youth total (% of people ages 15-24)","SE.ADT.1524.LT.ZS","","","","","","","","","","","","","","","","","","","62.01336","62.43227","63.00533","63.73589","64.441","65.22419","66.41365","67.59594","68.96229","69.84421","70.96455","71.98983","73.08461","74.56175","75.49942","75.23815","76.04739","76.91028","77.93968","78.72458","79.37666","80.06881","80.61563","81.56403","82.5614","83.49282","84.16476","84.63714","83.15084","83.92297","84.59842","81.85808","82.26961","82.62586","83.70435","84.41675","84.64643","84.79429","84.9456","","",
"United Arab Emirates","ARE","Literacy rate, youth total (% of people ages 15-24)","SE.ADT.1524.LT.ZS","","","","","","","","","","","","","","","","63.04761","","","","","","","","","","82.47264","","","","","","","","","","","","","","","","","","","","95.00645","","","","","","","","","","","","","",
"Argentina","ARG","Literacy rate, youth total (% of people ages 15-24)","SE.ADT.1524.LT.ZS","","","","","","","","","","","","","","","","","","","","","96.88254","","","","","","","","","","","98.30464","","","","","","","","","","98.9166599999999","","","","","99.44608","","","99.58429","99.29864","99.62824","99.37587","99.55132","99.29671","99.5597","99.5027099999999","","",
"Armenia","ARM","Literacy rate, youth total (% of people ages 15-24)","SE.ADT.1524.LT.ZS","","","","","","","","","","","","","","","","","","","","","","","","","","","","","","99.90996","","","","","","","","","","","","99.80728","","","","","","","","","","99.8473999999999","","","","","","","",
"American Samoa","ASM","Literacy rate, youth total (% of people ages 15-24)","SE.ADT.1524.LT.ZS","","","","","","","","","","","","","","","","","","","","","97.65421","","","","","","","","","","","","","","","","","","","","","","","","","","","","","","","","","","","","","","",
"Antigua and Barbuda","ATG","Literacy rate, youth total (% of people ages 15-24)","SE.ADT.1524.LT.ZS","","","","","","","","","","","","","","","","","","","","","","","","","","","","","","","","","","","","","","","","","","","","","","","","","","","","","","","","","","","",
"Australia","AUS","Literacy rate, youth total (% of people ages 15-24)","SE.ADT.1524.LT.ZS","","","","","","","","","","","","","","","","","","","","","","","","","","","","","","","","","","","","","","","","","","","","","","","","","","","","","","","","","","","",
"Austria","AUT","Literacy rate, youth total (% of people ages 15-24)","SE.ADT.1524.LT.ZS","","","","","","","","","","","","","","","","","","","","","","","","","","","","","","","","","","","","","","","","","","","","","","","","","","","","","","","","","","","",
"Azerbaijan","AZE","Literacy rate, youth total (% of people ages 15-24)","SE.ADT.1524.LT.ZS","","","","","","","","","","","","","","","","","","","","","","","","","","","","","","","","","","","","","","","","99.8861","","","","","","","","100","","99.9513","99.9505999999999","99.9441","99.93675","99.95247","99.95699","99.94278","99.9404799999999","","",
"Burundi","BDI","Literacy rate, youth total (% of people ages 15-24)","SE.ADT.1524.LT.ZS","","","","","","","","","","","","","","","","","","","","30.97659","","","","","","","","","","","53.55521","","","","","","","","","","73.33006","","","","","","","","61.73879","","","","","","79.55961","","","","",
"Belgium","BEL","Literacy rate, youth total (% of people ages 15-24)","SE.ADT.1524.LT.ZS","","","","","","","","","","","","","","","","","","","","","","","","","","","","","","","","","","","","","","","","","","","","","","","","","","","","","","","","","","","",
"Benin","BEN","Literacy rate, youth total (% of people ages 15-24)","SE.ADT.1524.LT.ZS","","","","","","","","","","","","","","","","","","","","29.78674","","","","","","","","","","","","","39.87661","","","","","","","","","","45.30962","","","","42.3627","","","","","","52.49247","","","","","","",
"Burkina Faso","BFA","Literacy rate, youth total (% of people ages 15-24)","SE.ADT.1524.LT.ZS","","","","","","","","","","","","","","","","14.37752","","","","","","","","","","","","","","","","20.18029","","","","","19.41415","","","","","","","31.22926","","32.96662","32.7306","39.25778","","","","","","","50.0963","","","","",
"Bangladesh","BGD","Literacy rate, youth total (% of people ages 15-24)","SE.ADT.1524.LT.ZS","","","","","","","","","","","","","","","","","","","","","","35.65325","","","","","","","","","","44.68083","","","","","","","","","","63.62273","","","","","","61.87281","","","","65.71463","77.83291","85.52715","85.55473","87.8887699999999","92.24265","92.95076","",
"Bulgaria","BGR","Literacy rate, youth total (% of people ages 15-24)","SE.ADT.1524.LT.ZS","","","","","","","","","","","","","","","","","","","","","","","","","","","","","","","","","","","","","","","","","","98.21248","","","","","","","","","","97.86505","","","","","","","",
"Bahrain","BHR","Literacy rate, youth total (% of people ages 15-24)","SE.ADT.1524.LT.ZS","","","","","","","","","","","","","","","","","","","","","","86.29309","","","","","","","","","","96.93811","","","","","","","","","","97.02471","","","","","","","","","","","","","","","","","",
"Bahamas, The","BHS","Literacy rate, youth total (% of people ages 15-24)","SE.ADT.1524.LT.ZS","","","","","","","","","","","","","","","","","","","","","","","","","","","","","","","","","","","","","","","","","","","","","","","","","","","","","","","","","","","",
"Bosnia and Herzegovina","BIH","Literacy rate, youth total (% of people ages 15-24)","SE.ADT.1524.LT.ZS","","","","","","","","","","","","","","","","","","","","","","","","","","","","","","","","99.01996","","","","","","","","","99.79393","","","","","","","","","","","99.46231","","99.66243","","","","","",
"Belarus","BLR","Literacy rate, youth total (% of people ages 15-24)","SE.ADT.1524.LT.ZS","","","","","","","","","","","","","","","","","","","","","","","","","","","","","","99.76628","","","","","","","","","","99.7918399999999","","","","","","","","","","99.82321","","","","","","","","","",
"Belize","BLZ","Literacy rate, youth total (% of people ages 15-24)","SE.ADT.1524.LT.ZS","","","","","","","","","","","","","","","","","","","","","","","","","","","","","","","","77.64147","","","","","","","","","","","","","","","","","","","","","","","","","","","",
"Bermuda","BMU","Literacy rate, youth total (% of people ages 15-24)","SE.ADT.1524.LT.ZS","","","","","","","","","","","","","","","","","","","","","","","","","","","","","","","","","","","","","","","","","","","","","","","","","","","","","","","","","","","",
"Bolivia","BOL","Literacy rate, youth total (% of people ages 15-24)","SE.ADT.1524.LT.ZS","","","","","","","","","","","","","","","","","83.55198","","","","","","","","","","","","","","","","93.8961099999999","","","","","","","","","97.32378","","","","","","99.44136","99.1225","99.38397","","99.00752","98.99588","","","99.39917","","","",
"Brazil","BRA","Literacy rate, youth total (% of people ages 15-24)","SE.ADT.1524.LT.ZS","","","","","","","","","","","","","","","","","","","","","83.91427","","","","","","","","","","","","","","","","","","","","94.18411","","","","96.84386","","97.5823","97.80063","97.84363","98.06554","97.51412","98.48692","98.61966","98.73668","98.84569","98.96375","","","",
"Barbados","BRB","Literacy rate, youth total (% of people ages 15-24)","SE.ADT.1524.LT.ZS","","","","","","","","","","","99.75519","","","","","","","","","","","","","","99.9","","","","","","","","","","99.9","","","","","","","","","","99.9","","","","","","","","","","99.9","","","","",
"Brunei Darussalam","BRN","Literacy rate, youth total (% of people ages 15-24)","SE.ADT.1524.LT.ZS","","","","","","","","","","","","","","","","","","","","","","93.68101","","","","","","","","","","98.09567","","","","","","","","","","98.89379","","","","","","","","","","99.36677","","","","","","","",
"Bhutan","BTN","Literacy rate, youth total (% of people ages 15-24)","SE.ADT.1524.LT.ZS","","","","","","","","","","","","","","","","","","","","","","","","","","","","","","","","","","","","","","","","","","","","","","74.40521","","","","","","","87.31836","","","","","","",
"Botswana","BWA","Literacy rate, youth total (% of people ages 15-24)","SE.ADT.1524.LT.ZS","","","","","","","","","","","","","","","","","","","","","","","","","","","","","","","","89.2583","","","","","","","","","","","","93.95744","","","","","","","","","","","97.7","","","","",
"Central African Republic","CAF","Literacy rate, youth total (% of people ages 15-24)","SE.ADT.1524.LT.ZS","","","","","","","","","","","","","","","","37.03696","","","","","","","","","","","","","48.20233","","","","","","","","","","","","60.80705","","","","","","","","","","36.35627","","","","","","","","",
"Canada","CAN","Literacy rate, youth total (% of people ages 15-24)","SE.ADT.1524.LT.ZS","","","","","","","","","","","","","","","","","","","","","","","","","","","","","","","","","","","","","","","","","","","","","","","","","","","","","","","","","","","",
"Central Europe and the Baltics","CEB","Literacy rate, youth total (% of people ages 15-24)","SE.ADT.1524.LT.ZS","","","","","","","","","","","","","","","","","","","","","","99.48585","99.48332","99.47945","99.48382","99.47853","99.47276","99.46882","99.46506","99.45988","99.45553","99.45239","99.44974","99.44654","","","","","","","","","","","","","","","","","","","","","","","","","",
"Switzerland","CHE","Literacy rate, youth total (% of people ages 15-24)","SE.ADT.1524.LT.ZS","","","","","","","","","","","","","","","","","","","","","","","","","","","","","","","","","","","","","","","","","","","","","","","","","","","","","","","","","","","",
"Channel Islands","CHI","Literacy rate, youth total (% of people ages 15-24)","SE.ADT.1524.LT.ZS","","","","","","","","","","","","","","","","","","","","","","","","","","","","","","","","","","","","","","","","","","","","","","","","","","","","","","","","","","","",
"Chile","CHL","Literacy rate, youth total (% of people ages 15-24)","SE.ADT.1524.LT.ZS","","","","","","","","","","","","","","","","","","","","","","","96.65398","","","","","","","","","","98.42797","","","","","","","","","","98.9909799999999","","","","","","99.15358","98.87238","","99.40819","","99.04828","","99.3539399999999","","","",
"China","CHN","Literacy rate, youth total (% of people ages 15-24)","SE.ADT.1524.LT.ZS","","","","","","","","","","","","","","","","","","","","","","","88.77334","","","","","","","","94.28147","","","","","","","","","","98.8587299999999","","","","","","","","","","99.64229","","","","","","","","",
"Cote d'Ivoire","CIV","Literacy rate, youth total (% of people ages 15-24)","SE.ADT.1524.LT.ZS","","","","","","","","","","","","","","","","","","","","","","","","","","","","","48.50848","","","","","","","","","","47.05871","","60.72365","","","","","","","","","","","","48.30996","","53.02069","","","","",
"Cameroon","CMR","Literacy rate, youth total (% of people ages 15-24)","SE.ADT.1524.LT.ZS","","","","","","","","","","","","","","","","","68.81703","","","","","","","","","","","","","","","","","","","","","","","","83.09829","","","","","","","83.13557","","","80.57444","","","","","","","","",
"Congo, Dem. Rep.","COD","Literacy rate, youth total (% of people ages 15-24)","SE.ADT.1524.LT.ZS","","","","","","","","","","","","","","","","","","","","","","","","","","","","","","","","","","","","","","","","","","70.4162599999999","","","","","","65.7765299999999","","","","","83.59755","","","","84.98951","","",
"Congo, Rep.","COG","Literacy rate, youth total (% of people ages 15-24)","SE.ADT.1524.LT.ZS","","","","","","","","","","","","","","","","","","","","","","","","","","","","","","","","","","","","","","","","","","","","","","","","","","","","80.91395","","","","","","","",
"Colombia","COL","Literacy rate, youth total (% of people ages 15-24)","SE.ADT.1524.LT.ZS","","","","","","","","","","","","","","","","","","","","","","","","","","","","","","","","","","95.48465","","","96.995","","","","","","","","97.99131","97.9584","97.88317","97.96863","97.98927","97.93743","98.09842","98.23938","","","98.54095","98.53473","98.66831","","",
"Comoros","COM","Literacy rate, youth total (% of people ages 15-24)","SE.ADT.1524.LT.ZS","","","","","","","","","","","","","","","","","","","","","61.71302","","","","","","","","","","","","","","","","","","","","80.18576","","","","","","","","","","","","71.58127","","","","","","",
"Cabo Verde","CPV","Literacy rate, youth total (% of people ages 15-24)","SE.ADT.1524.LT.ZS","","","","","","","","","","","","","","","","","","","","","","","","","","","","","","","88.1679","","","","","","","","","","","","","","94.15","","","","","","","","98.12897","","","98.11131","","","",
"Costa Rica","CRI","Literacy rate, youth total (% of people ages 15-24)","SE.ADT.1524.LT.ZS","","","","","","","","","","","","","","","","","","","","","","","","","97.14819","","","","","","","","","","","","","","","","97.6147","","","","","","","","","","","99.1337","","","","","","","",
"Caribbean small states","CSS","Literacy rate, youth total (% of people ages 15-24)","SE.ADT.1524.LT.ZS","","","","","","","","","","","","","","","","","","","","","","","","","","","","","","","","","","92.54554","92.58711","92.8241","93.05911","93.30483","93.56318","93.83382","94.08466","94.31308","94.51871","94.69546","94.84052","94.9895","95.08046","95.49397","95.57226","95.63724","95.51963","","","","","","","","",
"Cuba","CUB","Literacy rate, youth total (% of people ages 15-24)","SE.ADT.1524.LT.ZS","","","","","","","","","","","","","","","","","","","","","","99.5685699999999","","","","","","","","","","","","","","","","","","","","","99.9556","","","","","","","","","","99.87465","","","","","","",
"Curacao","CUW","Literacy rate, youth total (% of people ages 15-24)","SE.ADT.1524.LT.ZS","","","","","","","","","","","","","","","","","","","","","","","","","","","","","","","","","","","","","","","","","","","","","","","","","","","","","","","","","","","",
"Cayman Islands","CYM","Literacy rate, youth total (% of people ages 15-24)","SE.ADT.1524.LT.ZS","","","","","","","","","","","","","","","","","","","","","","","","","","","","","","","","","","","","","","","","","","","","","","","","98.90682","","","","","","","","","","","",
"Cyprus","CYP","Literacy rate, youth total (% of people ages 15-24)","SE.ADT.1524.LT.ZS","","","","","","","","","","","","","","","","","","","","","","","","","","","","","","","","","99.62139","","","","","","","","","99.77493","","","","","","","","","","99.82099","","","","","","","",
"Czech Republic","CZE","Literacy rate, youth total (% of people ages 15-24)","SE.ADT.1524.LT.ZS","","","","","","","","","","","","","","","","","","","","","","","","","","","","","","","","","","","","","","","","","","","","","","","","","","","","","","","","","","","",
"Germany","DEU","Literacy rate, youth total (% of people ages 15-24)","SE.ADT.1524.LT.ZS","","","","","","","","","","","","","","","","","","","","","","","","","","","","","","","","","","","","","","","","","","","","","","","","","","","","","","","","","","","",
"Djibouti","DJI","Literacy rate, youth total (% of people ages 15-24)","SE.ADT.1524.LT.ZS","","","","","","","","","","","","","","","","","","","","","","","","","","","","","","","","","","","","","","","","","","","","","","","","","","","","","","","","","","","",
"Dominica","DMA","Literacy rate, youth total (% of people ages 15-24)","SE.ADT.1524.LT.ZS","","","","","","","","","","","","","","","","","","","","","","","","","","","","","","","","","","","","","","","","","","","","","","","","","","","","","","","","","","","",
"Denmark","DNK","Literacy rate, youth total (% of people ages 15-24)","SE.ADT.1524.LT.ZS","","","","","","","","","","","","","","","","","","","","","","","","","","","","","","","","","","","","","","","","","","","","","","","","","","","","","","","","","","","",
"Dominican Republic","DOM","Literacy rate, youth total (% of people ages 15-24)","SE.ADT.1524.LT.ZS","","","","","","","","","","","","","","","","","","","","","","82.6242","","","","","","","","","","","","","","","","","","","","","94.21757","","","","","95.78686","","","96.80575","97.04205","97.0238899999999","97.47243","97.68853","97.61406","98.83941","","",
"Algeria","DZA","Literacy rate, youth total (% of people ages 15-24)","SE.ADT.1524.LT.ZS","","","","","","","","","","","","","","","","","","","","","","","","","","","","74.32727","","","","","","","","","","","","","","","90.13721","","","","91.77964","","93.76733","","","","","","","","","","",
"East Asia & Pacific (excluding high income)","EAP","Literacy rate, youth total (% of people ages 15-24)","SE.ADT.1524.LT.ZS","","","","","","","","","","","","","","","","","83.4463","83.57622","84.79613","86.00184","87.14597","88.15455","89.13964","89.70498","90.38983","91.00227","91.51694","92.74848","94.02665","94.17458","94.30797","94.29161","94.26183","94.20439","94.25087","94.29854","94.4856","96.69561","96.77104","96.83866","97.85983","96.97472","97.07808","97.23901","98.22624","98.30603","98.25059","98.52337","98.90791","98.87795","98.86252","98.4469","98.47368","98.49369","98.59548","98.57629","98.57652","","",
"Early-demographic dividend","EAR","Literacy rate, youth total (% of people ages 15-24)","SE.ADT.1524.LT.ZS","","","","","","","","","","","","","","","","61.09552","61.30054","61.98499","62.62815","63.23933","63.72009","64.12059","64.70823","65.24574","65.89435","66.46272","67.07039","68.27198","68.88842","69.84731","70.89703","71.72087","72.8515","73.69249","74.56644","75.47602","76.22767","76.85887","78.88768","79.63957","80.30059","80.92435","81.85031","82.6639","83.51519","83.96845","84.49281","85.03629","86.61185","87.21875","87.45776","87.08146","89.01439","89.49397","90.17131","90.69257","91.17678","","",
"East Asia & Pacific","EAS","Literacy rate, youth total (% of people ages 15-24)","SE.ADT.1524.LT.ZS","","","","","","","","","","","","","","","","","85.0427","85.14153","86.22249","87.28738","88.29172","89.17712","90.0412","90.52818","91.13058","91.67515","92.13688","93.26054","94.4286","94.56417","94.68731","94.67607","94.65269","94.60413","94.65006","94.70251","94.87859","96.8971","96.97106","97.03649","97.97277","97.16374","97.25834","97.40601","98.32002","98.39177","98.33854","98.59107","98.94869","98.92075","98.90678","98.52084","98.54778","98.56884","98.66541","98.64909","98.65097","","",
"Europe & Central Asia (excluding high income)","ECA","Literacy rate, youth total (% of people ages 15-24)","SE.ADT.1524.LT.ZS","","","","","","","","","","","","","","","","","","","","","","","","97.71128","98.27592","98.29759","98.29763","98.32238","98.35402","98.351","98.39165","98.40301","98.43847","98.47656","98.514","98.55078","98.59292","98.6262","98.69015","98.66695","98.80105","98.83539","98.86281","98.86459","98.82858","98.95424","98.9564","98.98751","99.03373","99.33914","99.41968","99.51177","99.56374","99.60638","99.63228","99.66067","99.71222","","",
"Europe & Central Asia","ECS","Literacy rate, youth total (% of people ages 15-24)","SE.ADT.1524.LT.ZS","","","","","","","","","","","","","","","","","","","","","","","","","","","98.7104","98.72404","98.79469","98.7953","98.81597","98.82266","98.83705","98.85263","98.86801","98.9097","98.95304","98.99431","99.04792","99.05941","99.15318","99.19578","99.22149","99.24872","99.26049","99.33166","99.32761","99.355","99.37333","99.5459","99.5914","99.63849","99.66929","99.6944","99.71251","99.7266","99.75331","","",
"Ecuador","ECU","Literacy rate, youth total (% of people ages 15-24)","SE.ADT.1524.LT.ZS","","","","","","","","","","","","","","","","","","","","","","","93.40146","","","","","","","","96.19471","","","","","","","","","","","96.4372099999999","","","","","","98.39142","98.45375","98.80065","98.65271","98.69484","98.83163","98.60464","99.09777","99.1262","99.0571099999999","","",
"Egypt, Arab Rep.","EGY","Literacy rate, youth total (% of people ages 15-24)","SE.ADT.1524.LT.ZS","","","","","","","","","","","","","","","","","51.03116","","","","","","","","","","63.32762","","","","","","","","","","73.21869","","","","","","","","","84.9329","84.87827","","","","87.50964","","89.28192","92.02342","","","","93.9235999999999","",
"Euro area","EMU","Literacy rate, youth total (% of people ages 15-24)","SE.ADT.1524.LT.ZS","","","","","","","","","","","","","","","","","","","","","","","","","","","","","99.12878","99.13925","99.15001","99.15993","99.15663","99.15727","99.15709","99.20892","99.25973","99.31755","99.36607","99.42354","99.48432","99.54435","99.56338","99.62899","99.7083","99.72292","99.70186","99.7318","99.70413","99.73253","99.73781","99.72862","99.73547","99.74058","99.75189","99.74794","99.74857","","",
"Eritrea","ERI","Literacy rate, youth total (% of people ages 15-24)","SE.ADT.1524.LT.ZS","","","","","","","","","","","","","","","","","","","","","","","","","","","","","","","","","","","","","","","","","","","77.94529","","","","","","86.9749099999999","","","","","","","","","","",
"Spain","ESP","Literacy rate, youth total (% of people ages 15-24)","SE.ADT.1524.LT.ZS","","","","","","","","","","","","","","","","","","","","","","98.6419499999999","","","","","","","","","","99.55456","","","","","","","","","","","","","99.5582","99.53779","","99.56934","99.56431","99.599","99.59463","99.6994","99.67278","99.6692599999999","99.7227599999999","99.65568","99.6221599999999","","",
"Estonia","EST","Literacy rate, youth total (% of people ages 15-24)","SE.ADT.1524.LT.ZS","","","","","","","","","","","","","","","","","","","","","","","","","","","","","","99.86789","","","","","","","","","","","99.7705","","","","","","","","","","","99.9489","","","","","","","",
"Ethiopia","ETH","Literacy rate, youth total (% of people ages 15-24)","SE.ADT.1524.LT.ZS","","","","","","","","","","","","","","","","","","","","","","","","","","","","","","","","","","","33.5854","","","","","","","","","","49.9","44.60597","","54.98298","","","","","","","","","","","",
"European Union","EUU","Literacy rate, youth total (% of people ages 15-24)","SE.ADT.1524.LT.ZS","","","","","","","","","","","","","","","","","","","","","","","","","","","","","99.16754","99.17535","99.18344","99.1912","99.19054","99.19237","99.19367","99.24148","99.28791","99.33717","99.38016","99.37216","99.4187","99.46771","99.49233","99.54479","99.60688","99.61465","99.60329","99.6245","99.61304","99.70006","99.71057","99.71133","99.72176","99.73105","99.74375","99.74567","","","",
"Fragile and conflict affected situations","FCS","Literacy rate, youth total (% of people ages 15-24)","SE.ADT.1524.LT.ZS","","","","","","","","","","","","","","","","","","","","","","","","","","","","68.17896","68.45818","68.79445","69.08982","69.40952","69.65659","69.84966","70.72502","70.73667","71.03116","71.49146","72.02579","72.20968","72.6575","72.81962","73.02526","72.73357","72.7733","72.5785","70.8161","70.67949","70.46653","68.23022","68.45523","69.65076","70.27013","70.62986","71.21672","71.82842","72.11522","","",
"Finland","FIN","Literacy rate, youth total (% of people ages 15-24)","SE.ADT.1524.LT.ZS","","","","","","","","","","","","","","","","","","","","","","","","","","","","","","","","","","","","","","","","","","","","","","","","","","","","","","","","","","","",
"Fiji","FJI","Literacy rate, youth total (% of people ages 15-24)","SE.ADT.1524.LT.ZS","","","","","","","","","","","","","","","","","","","","","","","","","","","","","","","","","","","","","","","","","","","","","","","","","","","","","","","","","","","",
"France","FRA","Literacy rate, youth total (% of people ages 15-24)","SE.ADT.1524.LT.ZS","","","","","","","","","","","","","","","","","","","","","","","","","","","","","","","","","","","","","","","","","","","","","","","","","","","","","","","","","","","",
"Faroe Islands","FRO","Literacy rate, youth total (% of people ages 15-24)","SE.ADT.1524.LT.ZS","","","","","","","","","","","","","","","","","","","","","","","","","","","","","","","","","","","","","","","","","","","","","","","","","","","","","","","","","","","",
"Micronesia, Fed. Sts.","FSM","Literacy rate, youth total (% of people ages 15-24)","SE.ADT.1524.LT.ZS","","","","","","","","","","","","","","","","","","","","","","","","","","","","","","","","","","","","","","","","","","","","","","","","","","","","","","","","","","","",
"Gabon","GAB","Literacy rate, youth total (% of people ages 15-24)","SE.ADT.1524.LT.ZS","","","","","","","","","","","","","","","","","","","","","","","","","","","","","","","","","","93.20872","","","","","","","","","","","","","","","","","","","88.50414","","","","","","",
"United Kingdom","GBR","Literacy rate, youth total (% of people ages 15-24)","SE.ADT.1524.LT.ZS","","","","","","","","","","","","","","","","","","","","","","","","","","","","","","","","","","","","","","","","","","","","","","","","","","","","","","","","","","","",
"Georgia","GEO","Literacy rate, youth total (% of people ages 15-24)","SE.ADT.1524.LT.ZS","","","","","","","","","","","","","","","","","","","","","","","","","","","","","","","","","","","","","","","","","","","99.8254199999999","","","","","","","","","","","","99.70261","","","","",
"Ghana","GHA","Literacy rate, youth total (% of people ages 15-24)","SE.ADT.1524.LT.ZS","","","","","","","","","","","","","","","","","","","","","","","","","","","","","","","","","","","","","","","","","70.66306","","","","","","","","","","85.71615","","","","","","","","",
"Gibraltar","GIB","Literacy rate, youth total (% of people ages 15-24)","SE.ADT.1524.LT.ZS","","","","","","","","","","","","","","","","","","","","","","","","","","","","","","","","","","","","","","","","","","","","","","","","","","","","","","","","","","","",
"Guinea","GIN","Literacy rate, youth total (% of people ages 15-24)","SE.ADT.1524.LT.ZS","","","","","","","","","","","","","","","","","","","","","","","","","","","","","","","","","","","","","27.71639","","","","","","","47.09126","","","","","","","31.40642","","","","46.29505","","","","",
"Gambia, The","GMB","Literacy rate, youth total (% of people ages 15-24)","SE.ADT.1524.LT.ZS","","","","","","","","","","","","","","","","","","","","","","","","","","","","","","","","","","","","","","","","","52.55502","","","","","","","","","","","","","60.7779","","","","","",
"Guinea-Bissau","GNB","Literacy rate, youth total (% of people ages 15-24)","SE.ADT.1524.LT.ZS","","","","","","","","","","","","","","","","","","","","36.40142","","","","","","","","","","","","","","","","","","","","","59.49285","","","","","","","","","","","","","","60.40235","","","","",
"Equatorial Guinea","GNQ","Literacy rate, youth total (% of people ages 15-24)","SE.ADT.1524.LT.ZS","","","","","","","","","","","","","","","","","","","","","","","","","","","","","","","","","","","","","","","","","97.13137","","","","","","","","","","","","","","98.2","","","","",
"Greece","GRC","Literacy rate, youth total (% of people ages 15-24)","SE.ADT.1524.LT.ZS","","","","","","","","","","","","","","","","","","","","","","98.96705","","","","","","","","","","98.98399","","","","","","","","","","98.94053","","","","99.52918","","99.56192","","99.49109","","98.81486","","","","","","","",
"Grenada","GRD","Literacy rate, youth total (% of people ages 15-24)","SE.ADT.1524.LT.ZS","","","","","","","","","","","98.96236","","","","","","","","","","","","","","99.2","","","","","","","","","","99.2","","","","","","","","","","99.2","","","","","","","","","","99.2","","","","",
"Greenland","GRL","Literacy rate, youth total (% of people ages 15-24)","SE.ADT.1524.LT.ZS","","","","","","","","","","","","","","","","","","","","","","","","","","","","","","","","","","","","","","","","","","","","","","","","","","","","","","","","","","","",
"Guatemala","GTM","Literacy rate, youth total (% of people ages 15-24)","SE.ADT.1524.LT.ZS","","","","","","","","","","","","","","","","","","","","","","","","","","","","","","","","","","","75.98821","","","","","","","","82.22026","","","","","","","","","","93.65347","91.85192","94.3542499999999","","","","",
"Guam","GUM","Literacy rate, youth total (% of people ages 15-24)","SE.ADT.1524.LT.ZS","","","","","","","","","","","","","","","","","","","","","95.61106","","","","","","","","","","99.88","","","","","","","","","","","","","","","","","","","","","","","","","","","","",
"Guyana","GUY","Literacy rate, youth total (% of people ages 15-24)","SE.ADT.1524.LT.ZS","","","","","","","","","","","","","","","","","","","","","","","","","","","","","","","","","","","","","","","","","","","","","","","","","","93.09894","","","","","96.68967","","","","",
"High income","HIC","Literacy rate, youth total (% of people ages 15-24)","SE.ADT.1524.LT.ZS","","","","","","","","","","","","","","","","","","","","","","","","","","","","","","","","","","","","","","","","","","","","","","","","","","","","","","","","","","","",
"Hong Kong SAR, China","HKG","Literacy rate, youth total (% of people ages 15-24)","SE.ADT.1524.LT.ZS","","","","","","","","","","","","","","","","","","","","","","","","","","","","","","","","","","","","","","","","","","","","","","","","","","","","","","","","","","","",
"Honduras","HND","Literacy rate, youth total (% of people ages 15-24)","SE.ADT.1524.LT.ZS","","","","","","","","","","","","","","","","","","","","","","","","","","","","","","","","","","","","","","","","","","88.9427199999999","","","","","","93.92431","","","95.15069","95.925","94.98095","95.06649","95.67707","96.00751","96.12654","","",
"Heavily indebted poor countries (HIPC)","HPC","Literacy rate, youth total (% of people ages 15-24)","SE.ADT.1524.LT.ZS","","","","","","","","","","","","","","","","","","","","","","","","","","","57.2727","57.87261","57.99708","58.53423","58.8803","58.53649","58.16323","58.20974","58.25696","58.06184","58.31913","58.76228","58.57262","59.4107","59.98083","60.48697","62.18537","62.97682","64.76466","63.95942","63.01176","64.47951","64.15242","65.11388","65.87177","68.37217","69.96781","70.6169","71.74774","72.49794","73.19111","","",
"Croatia","HRV","Literacy rate, youth total (% of people ages 15-24)","SE.ADT.1524.LT.ZS","","","","","","","","","","","","","","","","","","","","","","","","","","","","","","","","99.63589","","","","","","","","","","99.64864","","","","","","","","","","99.72363","","","","","","","",
"Haiti","HTI","Literacy rate, youth total (% of people ages 15-24)","SE.ADT.1524.LT.ZS","","","","","","","","","","","","","","","","","","","","","","","51.15302","","","","","","","","","","","","","","","","","","","","","81.61633","","","72.34672","","","","","","","","","","","","",
"Hungary","HUN","Literacy rate, youth total (% of people ages 15-24)","SE.ADT.1524.LT.ZS","","","","","","","","","","","","","","","","","","","","","99.37115","","","","","","","","","","","","","","","","","","","","","","","","","","","","","","","","","","98.8","","","","",
"IBRD only","IBD","Literacy rate, youth total (% of people ages 15-24)","SE.ADT.1524.LT.ZS","","","","","","","","","","","","","","","","75.96629","76.02193","76.30615","77.10245","77.88761","78.61915","79.2922","80.06481","80.62603","81.30795","81.89682","82.47203","83.36244","84.09282","84.55394","85.04101","85.37856","85.73127","85.93574","86.21711","86.53104","86.88394","88.09022","89.08407","89.40626","90.17845","90.16673","90.61998","91.17331","91.97405","92.35351","92.55704","93.21721","93.77178","93.86101","93.87575","94.15329","94.49673","94.76112","95.0673","95.28491","95.50361","","",
"IDA & IBRD total","IBT","Literacy rate, youth total (% of people ages 15-24)","SE.ADT.1524.LT.ZS","","","","","","","","","","","","","","","","72.79394","72.83964","73.08315","73.72843","74.36104","74.94406","75.48657","76.13439","76.61502","77.19684","77.70681","78.17274","78.93777","79.67522","80.11069","80.54019","80.74368","81.11788","81.36171","81.62858","81.89571","82.21806","83.176","84.05863","84.44642","84.80422","84.88282","85.46983","86.06222","86.93594","87.10323","87.29179","87.49688","88.19384","88.3327","88.38374","88.33528","89.41282","89.55896","89.86677","90.06485","90.2622","","",
"IDA total","IDA","Literacy rate, youth total (% of people ages 15-24)","SE.ADT.1524.LT.ZS","","","","","","","","","","","","","","","","","","","","59.85298","59.98344","60.07546","60.27367","60.47226","60.7083","60.99326","61.12101","61.52056","62.46267","63.03777","63.55608","63.61457","64.47067","65.28469","65.93846","66.47745","67.07154","67.62667","68.54463","69.45352","68.8212","69.33164","70.40752","71.17577","72.33607","72.00935","72.29841","71.40384","72.74257","73.31692","73.82253","73.31824","76.70057","76.99464","77.73268","78.27174","78.76141","","",
"IDA blend","IDB","Literacy rate, youth total (% of people ages 15-24)","SE.ADT.1524.LT.ZS","","","","","","","","","","","","","","","","","69.00077","69.20641","69.34083","69.41213","69.45612","69.46687","69.44182","69.51573","69.59866","69.71249","69.55867","69.92374","70.32086","70.71053","71.18731","71.46907","73.28735","74.83626","75.51542","76.18136","76.99228","77.59426","78.10174","78.75586","75.78858","76.26982","76.60151","77.08989","77.6561","77.97136","79.37481","78.36094","78.75788","79.00325","79.18276","79.20197","79.94599","79.73718","80.20526","80.6735","81.11857","","",
"Indonesia","IDN","Literacy rate, youth total (% of people ages 15-24)","SE.ADT.1524.LT.ZS","","","","","","","","","","","","","","","","","","","","","85.43709","","","","","","","","","","96.20756","","","","","","","","","","","","","","98.70546","","96.65104","","99.46011","99.47374","","98.778","","","99.68022","99.67007","99.6688099999999","","",
"IDA only","IDX","Literacy rate, youth total (% of people ages 15-24)","SE.ADT.1524.LT.ZS","","","","","","","","","","","","","","","","","","","","","","","54.43774","54.74386","55.10785","55.53085","55.85577","56.29857","57.6005","58.31243","58.88025","58.82772","59.12507","59.52119","60.18528","60.67234","61.15854","61.7073","62.8884","63.96486","64.72138","65.25575","66.7749","67.71247","69.22524","68.52975","68.1781","67.36475","69.2641","70.04818","70.76771","70.0095","74.9028","75.49994","76.40743","77.00549","77.53906","","",
"Isle of Man","IMN","Literacy rate, youth total (% of people ages 15-24)","SE.ADT.1524.LT.ZS","","","","","","","","","","","","","","","","","","","","","","","","","","","","","","","","","","","","","","","","","","","","","","","","","","","","","","","","","","","",
"India","IND","Literacy rate, youth total (% of people ages 15-24)","SE.ADT.1524.LT.ZS","","","","","","","","","","","","","","","","","","","","","","53.78457","","","","","","","","","","61.90028","","","","","","","","","","76.4257","","","","","81.13086","","","","","86.14488","","","","","","","",
"Not classified","INX","Literacy rate, youth total (% of people ages 15-24)","SE.ADT.1524.LT.ZS","","","","","","","","","","","","","","","","","","","","","","","","","","","","","","","","","","","","","","","","","","","","","","","","","","","","","","","","","","","",
"Ireland","IRL","Literacy rate, youth total (% of people ages 15-24)","SE.ADT.1524.LT.ZS","","","","","","","","","","","","","","","","","","","","","","","","","","","","","","","","","","","","","","","","","","","","","","","","","","","","","","","","","","","",
"Iran, Islamic Rep.","IRN","Literacy rate, youth total (% of people ages 15-24)","SE.ADT.1524.LT.ZS","","","","","","","","","","","","","","","","","56.45386","","","","","","","","","","75.2049","","","","","86.97426","","","","","93.0283","","","","","","","","","97.43153","96.64371","","97.87143","","","","98.0144","97.7773","97.93787","","98.10135","","",
"Iraq","IRQ","Literacy rate, youth total (% of people ages 15-24)","SE.ADT.1524.LT.ZS","","","","","","","","","","","","","","","","","","","","","","","","","","","","","","","","","","","","","","","","","84.7968","","","","","","","","","","","","","52.31889","","","","","",
"Iceland","ISL","Literacy rate, youth total (% of people ages 15-24)","SE.ADT.1524.LT.ZS","","","","","","","","","","","","","","","","","","","","","","","","","","","","","","","","","","","","","","","","","","","","","","","","","","","","","","","","","","","",
"Israel","ISR","Literacy rate, youth total (% of people ages 15-24)","SE.ADT.1524.LT.ZS","","","","","","","","","","","","","","","","","","","","","","","","98.56286","","","","","","","","","","","","","","","","","","","","","","","","","","","","","","","","","","","",
"Italy","ITA","Literacy rate, youth total (% of people ages 15-24)","SE.ADT.1524.LT.ZS","","","","","","","","","","","","","","","","","","","","","","99.6433799999999","","","","","","","","","","","","","","","","","","","","99.81213","","","","","","","","","","99.85964","","","","","","","",
"Jamaica","JAM","Literacy rate, youth total (% of people ages 15-24)","SE.ADT.1524.LT.ZS","","","","","","","","","","","","","","","","","","","","","","","","","","","","","","","","","","","","","","","","91.60341","","","","","","","","","","","","","","","96.3","","","","",
"Jordan","JOR","Literacy rate, youth total (% of people ages 15-24)","SE.ADT.1524.LT.ZS","","","","","","","","","","","","","","","","","","","","90.50849","","","","","","","","","","","","","","","","","","","","","","","","99.1325899999999","","98.97539","","98.94934","","","98.76235","99.14868","99.10572","","","","","","",
"Japan","JPN","Literacy rate, youth total (% of people ages 15-24)","SE.ADT.1524.LT.ZS","","","","","","","","","","","","","","","","","","","","","","","","","","","","","","","","","","","","","","","","","","","","","","","","","","","","","","","","","","","",
"Kazakhstan","KAZ","Literacy rate, youth total (% of people ages 15-24)","SE.ADT.1524.LT.ZS","","","","","","","","","","","","","","","","","","","","","","","","","","","","","","99.72572","","","","","","","","","","99.84513","","","","","","","","","","99.83451","99.89736","","","","","","","","",
"Kenya","KEN","Literacy rate, youth total (% of people ages 15-24)","SE.ADT.1524.LT.ZS","","","","","","","","","","","","","","","","","","","","","","","","","","","","","","","","","","","","","","","","","92.52818","","","","","","","82.3904699999999","","","","","","","86.52563","","","","",
"Kyrgyz Republic","KGZ","Literacy rate, youth total (% of people ages 15-24)","SE.ADT.1524.LT.ZS","","","","","","","","","","","","","","","","","","","","","","","","","","","","","","","","","","","","","","","","99.6956299999999","","","","","","","","","","99.75185","","","","","","","","","",
"Cambodia","KHM","Literacy rate, youth total (% of people ages 15-24)","SE.ADT.1524.LT.ZS","","","","","","","","","","","","","","","","","","","","","","","","","","","","","","","","","","","","","","","76.3182099999999","","","","","","83.3828599999999","","","","87.47138","87.13246","","","","","90.14187","92.21236","","","",
"Kiribati","KIR","Literacy rate, youth total (% of people ages 15-24)","SE.ADT.1524.LT.ZS","","","","","","","","","","","","","","","","","","","","","","","","","","","","","","","","","","","","","","","","","","","","","","","","","","","","","","","","","","","",
"St. Kitts and Nevis","KNA","Literacy rate, youth total (% of people ages 15-24)","SE.ADT.1524.LT.ZS","","","","","","","","","","","","","","","","","","","","","","","","","","","","","","","","","","","","","","","","","","","","","","","","","","","","","","","","","","","",
"Korea, Rep.","KOR","Literacy rate, youth total (% of people ages 15-24)","SE.ADT.1524.LT.ZS","","","","","","","","","","","","","","","","","","","","","","","","","","","","","","","","","","","","","","","","","","","","","","","","","","","","","","","","","","","",
"Kuwait","KWT","Literacy rate, youth total (% of people ages 15-24)","SE.ADT.1524.LT.ZS","","","","","","","","","","","","","","","","72.22216","","","","","78.97544","","","","","87.4560599999999","","","","","","","","","","92.04306","","","","","","","","","","99.73336","98.51217","98.44723","98.64335","","98.8991099999999","","98.7822599999999","99.15375","","99.25909","","99.2435799999999","",
"Latin America & Caribbean (excluding high income)","LAC","Literacy rate, youth total (% of people ages 15-24)","SE.ADT.1524.LT.ZS","","","","","","","","","","","","","","","87.22838","87.23723","87.51481","87.80406","88.10409","88.2933","88.37478","88.57736","88.76471","88.95547","89.15004","89.35462","89.54563","89.74372","90.07556","90.39167","90.67264","91.32496","91.98104","92.6215","93.24714","93.87154","94.19289","94.29293","94.58632","94.77691","94.98731","95.10023","95.49529","96.27159","96.40113","96.58185","96.67177","96.8806","97.03575","97.34487","97.27695","97.69769","97.8823","97.84325","98.19488","98.26297","98.33579","","",
"Lao PDR","LAO","Literacy rate, youth total (% of people ages 15-24)","SE.ADT.1524.LT.ZS","","","","","","","","","","","","","","","","","","","","","","","","","","","","","","","","","","","","71.13363","","","","","80.59856","78.45799","","","","83.93106","","","","","","72.05623","","","","92.4626399999999","","","",
"Lebanon","LBN","Literacy rate, youth total (% of people ages 15-24)","SE.ADT.1524.LT.ZS","","","","","","","","","","","","","","","","","","","","","","","","","","","","","","","","","","","","","","","","","","","","","","","","98.7147899999999","","99.24335","","","","","","","","","",
"Liberia","LBR","Literacy rate, youth total (% of people ages 15-24)","SE.ADT.1524.LT.ZS","","","","","","","","","","","","","","","","","","","","","","","","","47.63379","","","","","","","","","","","","","","","","","","","","","","","49.07411","","","","","","","","","","","",
"Libya","LBY","Literacy rate, youth total (% of people ages 15-24)","SE.ADT.1524.LT.ZS","","","","","","","","","","","","","","","","","","","","","","","","","89.3379","","","","","","","","","","97.9","","","","","","","","","","99.5999999999999","","","","","","","","","","","","","","",
"St. Lucia","LCA","Literacy rate, youth total (% of people ages 15-24)","SE.ADT.1524.LT.ZS","","","","","","","","","","","","","","","","","","","","","","","","","","","","","","","","","","","","","","","","","","","","","","","","","","","","","","","","","","","",
"Latin America & Caribbean","LCN","Literacy rate, youth total (% of people ages 15-24)","SE.ADT.1524.LT.ZS","","","","","","","","","","","","","","","87.73062","87.73514","87.99454","88.26524","88.54978","88.72833","88.80362","88.99201","89.16328","89.34103","89.52258","89.71369","89.89201","90.07861","90.3881","90.7224","90.98502","91.60242","92.22322","92.82886","93.42353","94.01838","94.32476","94.4195","94.69981","94.88578","95.08874","95.20647","95.59386","96.3501","96.48461","96.66789","96.7571","96.962","97.11321","97.4039","97.34624","97.758","97.93556","97.88853","98.22717","98.29396","98.36467","","",
"Least developed countries: UN classification","LDC","Literacy rate, youth total (% of people ages 15-24)","SE.ADT.1524.LT.ZS","","","","","","","","","","","","","","","","","","","","","","51.18177","51.58498","51.93042","52.31784","52.76323","53.0866","53.53674","54.96548","55.6934","56.28644","56.17758","56.45978","56.8543","57.55457","58.45505","58.94068","59.48979","60.75371","61.88979","62.39391","62.87496","64.54216","65.52872","67.17042","66.91491","66.44905","65.34177","67.38656","68.64402","69.41661","68.5641","73.96344","74.60682","75.49648","76.13063","76.7","","",
"Low income","LIC","Literacy rate, youth total (% of people ages 15-24)","SE.ADT.1524.LT.ZS","","","","","","","","","","","","","","","","","","","","","","","","","","54.98174","55.52558","56.30193","56.99428","57.66562","58.13337","57.71357","57.33725","57.31588","57.30135","57.68343","57.82226","58.17324","57.84759","58.10832","58.17298","58.56096","60.44613","61.10134","63.02282","62.12023","62.42641","63.81583","63.26022","64.95939","65.30864","68.01847","69.77708","70.41738","71.46601","72.17959","72.87411","","",
"Liechtenstein","LIE","Literacy rate, youth total (% of people ages 15-24)","SE.ADT.1524.LT.ZS","","","","","","","","","","","","","","","","","","","","","","","","","","","","","","","","","","","","","","","","","","","","","","","","","","","","","","","","","","","",
"Sri Lanka","LKA","Literacy rate, youth total (% of people ages 15-24)","SE.ADT.1524.LT.ZS","","","","","","","","","","","","","","","","","","","","","","91.04334","","","","","","","","","","","","","","","","","","","","95.58863","","","","","97.48406","","97.9818","","98.1579299999999","","","","","","98.68899","98.85646","",
"Lower middle income","LMC","Literacy rate, youth total (% of people ages 15-24)","SE.ADT.1524.LT.ZS","","","","","","","","","","","","","","","","61.45252","61.55805","62.10134","62.59348","63.02847","63.37115","63.65513","64.11843","64.49513","64.92663","65.38658","65.83512","67.03021","67.49217","68.40486","69.27228","70.00286","71.19581","72.05531","72.97616","73.78002","74.63382","75.36533","77.57955","78.53645","78.69819","79.4355","80.16909","80.99621","81.72955","82.21022","82.58007","82.65828","84.28148","84.74441","85.05224","84.65561","86.79417","87.34694","88.06457","88.63442","89.14103","","",
"Low & middle income","LMY","Literacy rate, youth total (% of people ages 15-24)","SE.ADT.1524.LT.ZS","","","","","","","","","","","","","","","","72.54312","72.60344","72.86575","73.5342","74.18997","74.79502","75.35913","76.02711","76.5245","77.12163","77.64474","78.12077","78.89537","79.63986","80.07409","80.50263","80.70247","81.07079","81.30696","81.56601","81.8263","82.1435","83.10013","83.98278","84.36953","84.72832","84.80817","85.40178","86.00054","86.88184","87.05324","87.24573","87.45449","88.15679","88.29962","88.35278","88.30612","89.38869","89.53818","89.84851","90.04866","90.24796","","",
"Lesotho","LSO","Literacy rate, youth total (% of people ages 15-24)","SE.ADT.1524.LT.ZS","","","","","","","","","","","","","","","","","","","","","","","","","","","","","","","","","","","","","","","","","90.9269","","","","","","","","","83.19441","","","","","86.6322","","","","",
"Late-demographic dividend","LTE","Literacy rate, youth total (% of people ages 15-24)","SE.ADT.1524.LT.ZS","","","","","","","","","","","","","","","","","85.89121","85.90631","86.83772","87.73469","88.59727","89.32998","90.074","90.47916","91.00575","91.49197","91.90911","92.35355","93.46811","93.58923","93.71039","93.80094","93.84736","93.90194","93.94673","94.01043","94.22626","96.24627","96.34587","96.44998","97.46248","96.75192","96.91601","97.24966","98.19997","98.32633","98.45751","98.75206","98.82173","98.85097","98.84958","98.98312","99.17902","99.24904","99.29045","99.3226","99.37551","","",
"Lithuania","LTU","Literacy rate, youth total (% of people ages 15-24)","SE.ADT.1524.LT.ZS","","","","","","","","","","","","","","","","","","","","","","","","","","","","","","99.67376","","","","","","","","","","","","99.7016699999999","","","","","","","","","","99.8558","","","","","","","",
"Luxembourg","LUX","Literacy rate, youth total (% of people ages 15-24)","SE.ADT.1524.LT.ZS","","","","","","","","","","","","","","","","","","","","","","","","","","","","","","","","","","","","","","","","","","","","","","","","","","","","","","","","","","","",
"Latvia","LVA","Literacy rate, youth total (% of people ages 15-24)","SE.ADT.1524.LT.ZS","","","","","","","","","","","","","","","","","","","","","","","","","","","","","","99.7844099999999","","","","","","","","","","","99.75026","","","","","","","","","","","99.83543","","","","","","","",
"Macao SAR, China","MAC","Literacy rate, youth total (% of people ages 15-24)","SE.ADT.1524.LT.ZS","","","","","","","","","","","","","","","","","","","","","","94.70312","","","","","","","","","","","","","","","","","","","","99.63354","","","","","99.64424","","","","","99.6729","","","","","99.79874","","",
"St. Martin (French part)","MAF","Literacy rate, youth total (% of people ages 15-24)","SE.ADT.1524.LT.ZS","","","","","","","","","","","","","","","","","","","","","","","","","","","","","","","","","","","","","","","","","","","","","","","","","","","","","","","","","","","",
"Morocco","MAR","Literacy rate, youth total (% of people ages 15-24)","SE.ADT.1524.LT.ZS","","","","","","","","","","","","","","","","","","","","","","","44.13794","","","","","","","","","","","","58.43489","","","","","","","","","","70.45759","","","","77.86296","79.47369","","81.51007","91.22096","","","","","","",
"Monaco","MCO","Literacy rate, youth total (% of people ages 15-24)","SE.ADT.1524.LT.ZS","","","","","","","","","","","","","","","","","","","","","","","","","","","","","","","","","","","","","","","","","","","","","","","","","","","","","","","","","","","",
"Moldova","MDA","Literacy rate, youth total (% of people ages 15-24)","SE.ADT.1524.LT.ZS","","","","","","","","","","","","","","","","","","","","","","","","","","","","","","99.72935","","","","","","","","","","","99.52508","","","","","","","","","","","","99.45616","","","","","","",
"Madagascar","MDG","Literacy rate, youth total (% of people ages 15-24)","SE.ADT.1524.LT.ZS","","","","","","","","","","","","","","","","","","","","","","","","","","","","","","","","","","","","","","","","","70.23622","","","","","","","","","64.94025","","","76.82916","","","","","","",
"Maldives","MDV","Literacy rate, youth total (% of people ages 15-24)","SE.ADT.1524.LT.ZS","","","","","","","","","","","","","","","","","","85.60898","","","","","","","","95.53619","","","","","98.19962","","","","","98.17012","","","","","98.17012","","","","","","99.30101","","","","","","","","99.2683799999999","","","","",
"Middle East & North Africa","MEA","Literacy rate, youth total (% of people ages 15-24)","SE.ADT.1524.LT.ZS","","","","","","","","","","","","","","59.12901","59.76483","60.42571","61.01281","61.80474","62.56721","63.34854","64.23187","65.20127","66.11272","67.30865","68.65414","69.9999","71.51162","72.56472","73.84639","75.03586","77.36872","78.89835","79.90888","79.85488","80.74749","82.03662","83.00502","83.77116","84.42137","85.10294","85.72848","86.51337","87.41174","88.4088","88.98282","89.44962","89.48","90.08983","90.80394","88.50374","88.78885","88.83592","89.78959","90.36351","90.57402","90.70042","90.81532","","",
"Mexico","MEX","Literacy rate, youth total (% of people ages 15-24)","SE.ADT.1524.LT.ZS","","","","","","","","","","","","","","","","","","","","","91.9472","","","","","","","","","","95.41824","","","","","","","","","","96.61228","","97.60458","","97.56444","97.63584","97.89566","98.15609","98.3823","98.52466","98.43452","98.46177","98.87542","98.5645","99.00004","98.94471","99.1162","","",
"Marshall Islands","MHL","Literacy rate, youth total (% of people ages 15-24)","SE.ADT.1524.LT.ZS","","","","","","","","","","","","","","","","","","","","","","","","","","","","","","","","","","","","","","","","","","","","","","","","","","","","98.45878","","","","","","","",
"Middle income","MIC","Literacy rate, youth total (% of people ages 15-24)","SE.ADT.1524.LT.ZS","","","","","","","","","","","","","","","","74.27923","74.31284","74.55996","75.2376","75.89926","76.508","77.06015","77.72594","78.21062","78.80343","79.31728","79.79602","80.58535","81.35517","81.79809","82.25521","82.54024","83.01004","83.31312","83.64404","83.94414","84.32036","85.37972","86.42401","86.86949","87.29756","87.3778","87.86907","88.48467","89.28738","89.60127","89.82175","89.95332","90.84678","90.88876","90.99009","90.70929","91.80463","91.99458","92.31065","92.53836","92.75883","","",
"North Macedonia","MKD","Literacy rate, youth total (% of people ages 15-24)","SE.ADT.1524.LT.ZS","","","","","","","","","","","","","","","","","","","","","","","","","","","","","","","","","","","98.86117","","","","","","","","98.7427","","","","","","","","","","","","","","","","",
"Mali","MLI","Literacy rate, youth total (% of people ages 15-24)","SE.ADT.1524.LT.ZS","","","","","","","","","","","","","","","","","19.64623","","","","","","","","","","","","","","","","","","","","","","24.18667","","","","","","","","38.81612","","","","44.30171","47.13698","","","","49.36653","","","",
"Malta","MLT","Literacy rate, youth total (% of people ages 15-24)","SE.ADT.1524.LT.ZS","","","","","","","","","","","","","","","","","","","","","","","","","","97.86696","","","","","","","","","","96.03227","","","","","","","","","","98.26503","","","","","","98.88194","","","","","","","",
"Myanmar","MMR","Literacy rate, youth total (% of people ages 15-24)","SE.ADT.1524.LT.ZS","","","","","","","","","","","","","","","","","","","","","","","","84.89707","","","","","","","","","","","","","","","","","94.58631","","","","","","","","","","","","","","","","84.75116","","",
"Middle East & North Africa (excluding high income)","MNA","Literacy rate, youth total (% of people ages 15-24)","SE.ADT.1524.LT.ZS","","","","","","","","","","","","","55.98663","56.68699","57.3774","58.09504","58.70554","59.54664","60.36334","61.21223","62.1765","63.17554","64.08572","65.3678","66.80737","68.26878","69.86512","70.96545","72.2489","73.45177","75.94729","77.55077","78.69389","78.55717","79.51053","80.89978","81.88894","82.6771","83.20868","83.9457","84.62996","85.44599","86.39521","87.57183","88.16423","88.63787","88.58721","89.18851","89.93408","87.26032","87.54118","87.44924","88.47996","89.09775","89.32869","89.47768","89.57807","","",
"Montenegro","MNE","Literacy rate, youth total (% of people ages 15-24)","SE.ADT.1524.LT.ZS","","","","","","","","","","","","","","","","","","","","","","98.73014","","","","","","","","","","99.14586","","","","","","","","","","","","99.41027","","","","","","","","99.21182","","","","","","","",
"Mongolia","MNG","Literacy rate, youth total (% of people ages 15-24)","SE.ADT.1524.LT.ZS","","","","","","","","","","","","","","","","","","","","","","","","","","","","","","","","","","","","","","","","","97.71012","","","","","","","","","","98.46025","","","","","","","","",
"Northern Mariana Islands","MNP","Literacy rate, youth total (% of people ages 15-24)","SE.ADT.1524.LT.ZS","","","","","","","","","","","","","","","","","","","","","","","","","","","","","","","","","","","","","","","","","","","","","","","","","","","","","","","","","","","",
"Mozambique","MOZ","Literacy rate, youth total (% of people ages 15-24)","SE.ADT.1524.LT.ZS","","","","","","","","","","","","","","","","","","","","","43.64436","","","","","","","","","","","","","","","","","46.97","","","","","","61.89289","","","","","","67.14964","","","","","","70.5251","","","",
"Mauritania","MRT","Literacy rate, youth total (% of people ages 15-24)","SE.ADT.1524.LT.ZS","","","","","","","","","","","","","","","","","","","","","","","","","","","","","","","","","","","","","","","","","61.33665","","","","","","","56.12243","","","","","","","","","","","",
"Mauritius","MUS","Literacy rate, youth total (% of people ages 15-24)","SE.ADT.1524.LT.ZS","","","","","","","","","","","","","","","","","","","","","","","","","","","","","","","91.19199","","","","","","","","","","94.53896","","","","","","","","","","","98.13035","","","","","","","",
"Malawi","MWI","Literacy rate, youth total (% of people ages 15-24)","SE.ADT.1524.LT.ZS","","","","","","","","","","","","","","","","","","","","","","","","","","","","59.01769","","","","","","","","","","","76.0074999999999","","","","","","","","","","","","72.13956","","","","76.0819099999999","72.93561","","","",
"Malaysia","MYS","Literacy rate, youth total (% of people ages 15-24)","SE.ADT.1524.LT.ZS","","","","","","","","","","","","","","","","","","","","","87.9686399999999","","","","","","","","","","","95.56388","","","","","","","","","","98.15448","","","","","","","","","","","","","","","","","",
"North America","NAC","Literacy rate, youth total (% of people ages 15-24)","SE.ADT.1524.LT.ZS","","","","","","","","","","","","","","","","","","","","","","","","","","","","","","","","","","","","","","","","","","","","","","","","","","","","","","","","","","","",
"Namibia","NAM","Literacy rate, youth total (% of people ages 15-24)","SE.ADT.1524.LT.ZS","","","","","","","","","","","","","","","","","","","","","","","","","","","","","","","","88.11243","","","","","","","","","","92.42438","","","","","","87.09541","","","","94.4194399999999","","","","","","","",
"New Caledonia","NCL","Literacy rate, youth total (% of people ages 15-24)","SE.ADT.1524.LT.ZS","","","","","","","","","","","","","","","","","97.46416","","","","","","","","","","","","","98.75698","","","","","","","99.0928799999999","","","","","","","","","","","","","","","","","","99.2","","","","",
"Niger","NER","Literacy rate, youth total (% of people ages 15-24)","SE.ADT.1524.LT.ZS","","","","","","","","","","","","","","","","","","","","","","","","","","","","","","","","","","","","","","","","","","19.79119","","","","36.54678","","","","","","","39.78773","","","","","","",
"Nigeria","NGA","Literacy rate, youth total (% of people ages 15-24)","SE.ADT.1524.LT.ZS","","","","","","","","","","","","","","","","","","","","","","","","","","","","","","","","71.18906","","","","","","","","","","","","68.99378","","","","","66.38354","","","","","","","","","","",
"Nicaragua","NIC","Literacy rate, youth total (% of people ages 15-24)","SE.ADT.1524.LT.ZS","","","","","","","","","","","","","","","","","","","","","","","","","","","","","","","","","","","","","","","","","","86.22252","","","","87.0092499999999","","","","","","","","","","","","","",
"Netherlands","NLD","Literacy rate, youth total (% of people ages 15-24)","SE.ADT.1524.LT.ZS","","","","","","","","","","","","","","","","","","","","","","","","","","","","","","","","","","","","","","","","","","","","","","","","","","","","","","","","","","","",
"Norway","NOR","Literacy rate, youth total (% of people ages 15-24)","SE.ADT.1524.LT.ZS","","","","","","","","","","","","","","","","","","","","","","","","","","","","","","","","","","","","","","","","","","","","","","","","","","","","","","","","","","","",
"Nepal","NPL","Literacy rate, youth total (% of people ages 15-24)","SE.ADT.1524.LT.ZS","","","","","","","","","","","","","","","","","","","","","","30.03845","","","","","","","","","","49.60372","","","","","","","","","","70.05362","","","","","","","","","","84.75715","","","","","","","",
"Nauru","NRU","Literacy rate, youth total (% of people ages 15-24)","SE.ADT.1524.LT.ZS","","","","","","","","","","","","","","","","","","","","","","","","","","","","","","","","","","","","","","","","","","","","","","","","","","","","","","","","","","","",
"New Zealand","NZL","Literacy rate, youth total (% of people ages 15-24)","SE.ADT.1524.LT.ZS","","","","","","","","","","","","","","","","","","","","","","","","","","","","","","","","","","","","","","","","","","","","","","","","","","","","","","","","","","","",
"OECD members","OED","Literacy rate, youth total (% of people ages 15-24)","SE.ADT.1524.LT.ZS","","","","","","","","","","","","","","","","","","","","","","","","","","","","","","","","","","","","","","","","","","","","","","","","","","","","","","","","","","","",
"Oman","OMN","Literacy rate, youth total (% of people ages 15-24)","SE.ADT.1524.LT.ZS","","","","","","","","","","","","","","","","","","","","","","","","","","","","","","","","","","","","","","","","","","","","97.28133","","","","","97.62982","","97.74373","","","","99.09432","99.15373","98.70356","98.66244","",
"Other small states","OSS","Literacy rate, youth total (% of people ages 15-24)","SE.ADT.1524.LT.ZS","","","","","","","","","","","","","","","","","","","","","","","","","82.44817","82.62379","82.79037","83.14009","83.53296","83.95152","84.10034","84.44319","84.54835","84.70932","84.73911","84.85472","85.2195","85.62625","86.09571","86.36951","86.40441","86.87089","87.06452","87.22703","87.34652","87.50359","87.13961","86.64959","86.86088","86.17206","85.92723","86.48702","87.00716","87.58024","87.84476","88.07595","88.35816","","",
"Pakistan","PAK","Literacy rate, youth total (% of people ages 15-24)","SE.ADT.1524.LT.ZS","","","","","","","","","","","","","","","","","","","","","","34.78335","","","","","","","","","","","","","","","","","55.33052","","","","","","","65.08658","69.1658","","71.11291","70.67627","71.25962","70.76933","72.58342","71.6362199999999","72.7954","","","","",
"Panama","PAN","Literacy rate, youth total (% of people ages 15-24)","SE.ADT.1524.LT.ZS","","","","","","","","","","","","","","","","","","","","","96.1062","","","","","","","","","","95.08678","","","","","","","","","","96.0798499999999","","","","","","","","","","97.63853","","","","","","","","",
"Peru","PER","Literacy rate, youth total (% of people ages 15-24)","SE.ADT.1524.LT.ZS","","","","","","","","","","","","","","","","","","","","","","93.1198","","","","","","","","","","","","95.36663","","","","","","","","","","","96.75563","97.12376","97.75713","97.3562199999999","","","","","98.69816","","98.97753","99.00954","98.88349","","",
"Philippines","PHL","Literacy rate, youth total (% of people ages 15-24)","SE.ADT.1524.LT.ZS","","","","","","","","","","","","","","","","","","","","","91.78899","","","","","","","","","","96.57808","","","","96.03677","","","","","","95.08975","","","95.05721","","","","","97.7508","","","","","98.10835","","","","","",
"Palau","PLW","Literacy rate, youth total (% of people ages 15-24)","SE.ADT.1524.LT.ZS","","","","","","","","","","","","","","","","","","","","","94.27578","","","","","","","","","","","","","","","","","","","","","","","","","","","","","","","","","99.83838","","98.66444","","","",
"Papua New Guinea","PNG","Literacy rate, youth total (% of people ages 15-24)","SE.ADT.1524.LT.ZS","","","","","","","","","","","","","","","","","","","","","","","","","","","","","","","","","","","","","","","","","66.67899","","","","","","","","","","67.9","","","","","","","","",
"Poland","POL","Literacy rate, youth total (% of people ages 15-24)","SE.ADT.1524.LT.ZS","","","","","","","","","","","","","","","","","","","99.79683","","","","","","","","","","99.79683","","","","","","","","","","99.79683","","","","","","","","","","99.79683","","","","","","","","","","",
"Pre-demographic dividend","PRE","Literacy rate, youth total (% of people ages 15-24)","SE.ADT.1524.LT.ZS","","","","","","","","","","","","","","","","","","","","","","","","","","","63.39959","64.24046","64.67185","65.3668","65.855","65.5358","65.76312","66.14409","66.5863","66.66386","67.13343","67.7068","67.66295","68.51438","66.27443","66.74343","67.20794","67.49157","68.22868","67.49649","66.78113","65.79168","65.30325","64.76237","65.35578","67.45237","68.8527","69.4862","70.48339","71.18181","71.81676","","",
"Puerto Rico","PRI","Literacy rate, youth total (% of people ages 15-24)","SE.ADT.1524.LT.ZS","","","","","","","","","","","","","","","","","","","","","93.7458599999999","","","","","","","","","","93.16688","","","","","","","","","","","","","","","","","","","","98.83418","","","","","","","","",
"Korea, Dem. People’s Rep.","PRK","Literacy rate, youth total (% of people ages 15-24)","SE.ADT.1524.LT.ZS","","","","","","","","","","","","","","","","","","","","","","","","","","","","","","","","","","","","","","","","","","","","","","","","","99.99964","","","","","","","","","","",
"Portugal","PRT","Literacy rate, youth total (% of people ages 15-24)","SE.ADT.1524.LT.ZS","","","","","","","","","","","","","","","","","","","","","","97.94135","","","","","","","","","","99.19949","","","","","","","","","","","","","","","","","","","","99.43512","","","","","","","",
"Paraguay","PRY","Literacy rate, youth total (% of people ages 15-24)","SE.ADT.1524.LT.ZS","","","","","","","","","","","","","","","","","","","","","","","89.58786","","","","","","","","","","95.6073399999999","","","","","","","","","","","","","","","98.79446","97.96424","98.49729","98.61045","","98.17792","98.89913","98.68621","98.6536","98.4505999999999","","",
"West Bank and Gaza","PSE","Literacy rate, youth total (% of people ages 15-24)","SE.ADT.1524.LT.ZS","","","","","","","","","","","","","","","","","","","","","","","","","","","","","","","","","","","","","","97.0465399999999","","","","","","","98.94182","","99.09138","99.06206","99.01731","99.23326","99.24204","99.31232","99.28733","99.34833","99.36351","99.34061","99.3837099999999","","",
"Pacific island small states","PSS","Literacy rate, youth total (% of people ages 15-24)","SE.ADT.1524.LT.ZS","","","","","","","","","","","","","","","","","","","","","","","","","","","","","","","","","","","","","","","","","","","","","","","","","","","","","","","","","","","",
"Post-demographic dividend","PST","Literacy rate, youth total (% of people ages 15-24)","SE.ADT.1524.LT.ZS","","","","","","","","","","","","","","","","","","","","","","","","","","","","","","","","","","","","","","","","","","","","","","","","","","","","","","","","","","","",
"French Polynesia","PYF","Literacy rate, youth total (% of people ages 15-24)","SE.ADT.1524.LT.ZS","","","","","","","","","","","","","","","","","","","","","","","","","","","","","","","","","","","","","","","","","","","","","","","","","","","","","","","","","","","",
"Qatar","QAT","Literacy rate, youth total (% of people ages 15-24)","SE.ADT.1524.LT.ZS","","","","","","","","","","","","","","","","","","","","","","","","","","","89.54293","","","","","","","","","","","94.79075","","","","","","","95.92071","","","","","","","","","","","","","","",
"Romania","ROU","Literacy rate, youth total (% of people ages 15-24)","SE.ADT.1524.LT.ZS","","","","","","","","","","","","","","","","","","","","","","","","","","","","","","","","","99.10746","","","","","","","","","","97.76149","","","","","","","","","98.99569","","","","","","","",
"Russian Federation","RUS","Literacy rate, youth total (% of people ages 15-24)","SE.ADT.1524.LT.ZS","","","","","","","","","","","","","","","","","","","","","","","","","","","","","","99.7196","","","","","","","","","","","","","99.7246","","","","","","","","99.7096","","","","","","","","",
"Rwanda","RWA","Literacy rate, youth total (% of people ages 15-24)","SE.ADT.1524.LT.ZS","","","","","","","","","","","","","","","","","","","52.26193","","","","","","","","","","","","","74.89654","","","","","","","","","77.62033","","","","","","","","","","77.34463","","82.33075","","85.0662399999999","","","","",
"South Asia","SAS","Literacy rate, youth total (% of people ages 15-24)","SE.ADT.1524.LT.ZS","","","","","","","","","","","","","","","","47.8","47.76562","48.48195","49.13255","49.74514","50.21327","50.49361","51.17301","51.73917","52.30069","52.89404","53.52376","54.16921","54.77682","56.06104","57.26704","58.21895","59.91056","61.39076","62.59971","63.78646","64.94191","65.97297","69.51747","70.78816","71.9179","72.9426","73.99097","75.16119","76.16961","77.1385","78.29386","78.70639","80.9318","81.84393","82.15633","81.81724","85.02922","85.73653","86.64746","87.48262","88.25261","","",
"Saudi Arabia","SAU","Literacy rate, youth total (% of people ages 15-24)","SE.ADT.1524.LT.ZS","","","","","","","","","","","","","","","","","","","","","","","","","","","","","","","","","87.85561","","","","","","","","95.91316","","","","95.84969","","","","","","","","","99.22177","","","","","",
"Sudan","SDN","Literacy rate, youth total (% of people ages 15-24)","SE.ADT.1524.LT.ZS","","","","","","","","","","","","","","","","","","","","","","","","","","","","","","","","","","","","","","","","","78.15559","","","","","","","","65.80535","","","","","","","","","","",
"Senegal","SEN","Literacy rate, youth total (% of people ages 15-24)","SE.ADT.1524.LT.ZS","","","","","","","","","","","","","","","","","","","","","","","","","","","","","37.8661","","","","","","","","","","","","","","49.12449","","","","50.85166","","","65.01491","","66.03274","","55.89594","","","","69.47841","",
"Singapore","SGP","Literacy rate, youth total (% of people ages 15-24)","SE.ADT.1524.LT.ZS","","","","","","","","","","","","","","","","","","","","","96.28812","","","","","","","","","","98.9667","","","","","","","","","","99.5046","","","","","","","","","","99.75182","99.8872","99.89494","99.89861","99.90047","99.7848999999999","99.92658","","",
"Solomon Islands","SLB","Literacy rate, youth total (% of people ages 15-24)","SE.ADT.1524.LT.ZS","","","","","","","","","","","","","","","","","","","","","","","","","","","","","","","","","","","","","","","","","","","","","","","","","","","","","","","","","","","",
"Sierra Leone","SLE","Literacy rate, youth total (% of people ages 15-24)","SE.ADT.1524.LT.ZS","","","","","","","","","","","","","","","","","","","","","","","","","","","","","","","","","","","","","","","","","","","","","47.92761","","","","","","","","","57.02213","","","","","",
"El Salvador","SLV","Literacy rate, youth total (% of people ages 15-24)","SE.ADT.1524.LT.ZS","","","","","","","","","","","","","","","","","","","","","","","","","","","","","","","","","84.94664","","","","","","","","","","","","","","94.95099","93.56494","95.95747","95.02206","96.03446","96.54509","","97.2241899999999","","97.94933","98.00859","","",
"San Marino","SMR","Literacy rate, youth total (% of people ages 15-24)","SE.ADT.1524.LT.ZS","","","","","","","","","","","","","","","","","","","","","","","","","","","","","","","","","","","","","","","","","","","","","","","","","","","","","","","","","","","",
"Somalia","SOM","Literacy rate, youth total (% of people ages 15-24)","SE.ADT.1524.LT.ZS","","","","","","","","","","","","","","","","","","","","","","","","","","","","","","","","","","","","","","","","","","","","","","","","","","","","","","","","","","","",
"Serbia","SRB","Literacy rate, youth total (% of people ages 15-24)","SE.ADT.1524.LT.ZS","","","","","","","","","","","","","","","","","","","","","","","","","","","","","","","","","","","","","","","","","","","","","","","","","","","","99.30869","","","","","99.71982","","",
"Sub-Saharan Africa (excluding high income)","SSA","Literacy rate, youth total (% of people ages 15-24)","SE.ADT.1524.LT.ZS","","","","","","","","","","","","","","","","","","","","","","","","","","63.18191","63.49917","64.14783","64.4682","65.09269","65.65581","65.73395","65.98024","66.32604","66.65061","66.75458","67.11782","67.58042","67.54142","68.24632","66.38967","66.87142","68.10044","68.49255","70.04892","68.9492","68.42251","68.44695","68.14889","68.99879","69.6363","71.51441","72.79502","73.32431","74.14565","74.74395","75.30373","","",
"South Sudan","SSD","Literacy rate, youth total (% of people ages 15-24)","SE.ADT.1524.LT.ZS","","","","","","","","","","","","","","","","","","","","","","","","","","","","","","","","","","","","","","","","","","","","","","","","","36.70228","","","","","","","","","","",
"Sub-Saharan Africa","SSF","Literacy rate, youth total (% of people ages 15-24)","SE.ADT.1524.LT.ZS","","","","","","","","","","","","","","","","","","","","","","","","","","63.18795","63.50496","64.1533","64.47342","65.09765","65.66056","65.73866","65.9848","66.3305","66.65495","66.75879","67.12189","67.58434","67.54525","68.25","66.39349","66.87515","68.10397","68.49594","70.05202","68.95229","68.42556","68.44992","68.15179","69.00154","69.63891","71.51675","72.79715","73.32631","74.14749","74.74567","75.30532","","",
"Small states","SST","Literacy rate, youth total (% of people ages 15-24)","SE.ADT.1524.LT.ZS","","","","","","","","","","","","","","","","","","","","","","","","","","","","86.11858","86.31823","86.55047","86.60184","86.80331","86.84248","86.93023","86.93345","87.04926","87.3333","87.64658","88.00573","88.22761","88.27346","88.62896","88.78638","88.91616","89.0101","89.13057","88.84489","88.52729","88.67182","88.15022","87.9383","88.33535","88.69874","89.18064","89.37862","89.55284","89.75537","","",
"Sao Tome and Principe","STP","Literacy rate, youth total (% of people ages 15-24)","SE.ADT.1524.LT.ZS","","","","","","","","","","","","","","","","","","","","","","82.39922","","","","","","","","","","93.84996","","","","","","","","","","95.41546","","","","","","","80.20316","","","","96.7384","","","","","","",
"Suriname","SUR","Literacy rate, youth total (% of people ages 15-24)","SE.ADT.1524.LT.ZS","","","","","","","","","","","","","","","","","","","","","","","","","","","","","","","","","","","","","","","","","","","","","94.88114","","","","99.41642","","98.37664","","97.6679","","","","","","",
"Slovak Republic","SVK","Literacy rate, youth total (% of people ages 15-24)","SE.ADT.1524.LT.ZS","","","","","","","","","","","","","","","","","","","","","","","","","","","","","","","","","","","","","","","","","","","","","","","","","","","","","","","","","","","",
"Slovenia","SVN","Literacy rate, youth total (% of people ages 15-24)","SE.ADT.1524.LT.ZS","","","","","","","","","","","","","","","","","","","","","","","","","","","","","","","","99.75774","","","","","","","","","","","","","99.8","","","","","","","","","","99.8","","","","",
"Sweden","SWE","Literacy rate, youth total (% of people ages 15-24)","SE.ADT.1524.LT.ZS","","","","","","","","","","","","","","","","","","","","","","","","","","","","","","","","","","","","","","","","","","","","","","","","","","","","","","","","","","","",
"Eswatini","SWZ","Literacy rate, youth total (% of people ages 15-24)","SE.ADT.1524.LT.ZS","","","","","","","","","","","","","","","","","75.45244","","","","","","","","","","83.74824","","","","","","","","","","","","","","91.86324","","","","","","","","","","93.5023","","","","","","","","",
"Sint Maarten (Dutch part)","SXM","Literacy rate, youth total (% of people ages 15-24)","SE.ADT.1524.LT.ZS","","","","","","","","","","","","","","","","","","","","","","","","","","","","","","","","","","","","","","","","","","","","","","","","","","","","","","","","","","","",
"Seychelles","SYC","Literacy rate, youth total (% of people ages 15-24)","SE.ADT.1524.LT.ZS","","","","","","","","","","","","","","","","","","","","","","","","","","","","97.64999","","","","","","","98.81331","","","","","","","","99.06477","","","","","","","","98.97134","","","","","","","","",
"Syrian Arab Republic","SYR","Literacy rate, youth total (% of people ages 15-24)","SE.ADT.1524.LT.ZS","","","","","","","","","","","","","","","","","","","","","","74.2764","","","","","","","","","","","","","","","","","","","","","95.18883","","92.45381","","","","","","","","","","","","","","",
"Turks and Caicos Islands","TCA","Literacy rate, youth total (% of people ages 15-24)","SE.ADT.1524.LT.ZS","","","","","","","","","","","","","","","","","","","","","","","","","","","","","","","","","","","","","","","","","","","","","","","","","","","","","","","","","","","",
"Chad","TCD","Literacy rate, youth total (% of people ages 15-24)","SE.ADT.1524.LT.ZS","","","","","","","","","","","","","","","","","","","","","","","","","","","","","","","","","","17.34738","","","","","","","37.55735","","","","41.67312","","","","","","","","","","","38.77242","30.79161","","",
"East Asia & Pacific (IDA & IBRD countries)","TEA","Literacy rate, youth total (% of people ages 15-24)","SE.ADT.1524.LT.ZS","","","","","","","","","","","","","","","","","83.24676","83.37123","84.60032","85.81754","86.97509","87.99648","88.99659","89.57201","90.26723","90.88731","91.40816","92.65369","93.94659","94.09517","94.23022","94.21373","94.18498","94.12909","94.17848","94.22856","94.41958","96.65672","96.73347","96.80225","97.83544","96.94045","97.04511","97.20792","98.2063","98.28702","98.23097","98.50682","98.89564","98.86524","98.8494","98.42854","98.45503","98.47455","98.57694","98.55687","98.55658","","",
"Europe & Central Asia (IDA & IBRD countries)","TEC","Literacy rate, youth total (% of people ages 15-24)","SE.ADT.1524.LT.ZS","","","","","","","","","","","","","","","","","","","","","","","","97.90681","98.41541","98.43293","98.43126","98.4532","98.48229","98.4804","98.51855","98.53029","98.5638","98.59962","98.63487","98.66952","98.7084","98.73937","98.7975","98.77678","98.89757","98.92803","98.95173","98.95191","98.91773","99.03062","99.03154","99.05879","99.10032","99.37877","99.45206","99.53626","99.58386","99.623","99.64676","99.67275","99.72","","",
"Togo","TGO","Literacy rate, youth total (% of people ages 15-24)","SE.ADT.1524.LT.ZS","","","","","","","","","","","","","","","","","","","","","","","","","","","","","","","","","","","","","","","","","74.43957","","","","","","76.45294","","","81.73599","","79.88591","","","","84.29011","","","",
"Thailand","THA","Literacy rate, youth total (% of people ages 15-24)","SE.ADT.1524.LT.ZS","","","","","","","","","","","","","","","","","","","","","96.86735","","","","","","","","","","","","","","","","","","","","97.97539","","","","","98.0509","","","","","96.59757","","","98.31388","","98.14663","","","",
"Tajikistan","TJK","Literacy rate, youth total (% of people ages 15-24)","SE.ADT.1524.LT.ZS","","","","","","","","","","","","","","","","","","","","","","","","","","","","","","99.70358","","","","","","","","","","","99.84706","","","","","","","","","","","","","","99.9","","","","",
"Turkmenistan","TKM","Literacy rate, youth total (% of people ages 15-24)","SE.ADT.1524.LT.ZS","","","","","","","","","","","","","","","","","","","","","","","","","","","","","","","","","","","","99.8104199999999","","","","","","","","","","","","","","","","","","","99.8","","","","",
"Latin America & the Caribbean (IDA & IBRD countries)","TLA","Literacy rate, youth total (% of people ages 15-24)","SE.ADT.1524.LT.ZS","","","","","","","","","","","","","","","87.33914","87.34707","87.61737","87.8962","88.18726","88.36778","88.44152","88.63203","88.80557","88.98733","89.17427","89.37244","89.55992","89.75548","90.08517","90.44254","90.72744","91.37905","92.03369","92.67164","93.29616","93.91837","94.24119","94.34582","94.63964","94.83477","95.04514","95.15718","95.54357","96.30642","96.43428","96.61257","96.7015","96.90891","97.06157","97.35931","97.29957","97.72001","97.90158","97.85416","98.20024","98.26875","98.34087","","",
"Timor-Leste","TLS","Literacy rate, youth total (% of people ages 15-24)","SE.ADT.1524.LT.ZS","","","","","","","","","","","","","","","","","","","","","","","","","","","","","","","","","","","","","","","","","","","","","","","","","","","79.5286799999999","","","","","","","","",
"Middle East & North Africa (IDA & IBRD countries)","TMN","Literacy rate, youth total (% of people ages 15-24)","SE.ADT.1524.LT.ZS","","","","","","","","","","","","","55.64569","56.35529","57.05257","57.77582","58.38986","59.23533","60.0555","60.90794","61.87687","62.8801","63.79363","65.08296","66.53234","68.00502","69.61354","70.72252","72.01708","73.23047","75.74914","77.36631","78.51866","78.37672","79.33621","80.73668","81.73401","82.52821","83.0632","83.80622","84.49629","85.31984","86.26516","87.45374","88.05167","88.52762","88.47265","89.07675","89.82676","87.1123","87.38982","87.28837","88.32619","88.94504","89.17307","89.31974","89.41692","","",
"Tonga","TON","Literacy rate, youth total (% of people ages 15-24)","SE.ADT.1524.LT.ZS","","","","","","","","","","","","","","","","","99.81927","","","","","","","","","","","","","","","","","","","","99.30874","","","","","","","","","","99.42476","","","","","99.4370299999999","","","","","","","",
"South Asia (IDA & IBRD)","TSA","Literacy rate, youth total (% of people ages 15-24)","SE.ADT.1524.LT.ZS","","","","","","","","","","","","","","","","47.8","47.76562","48.48195","49.13255","49.74514","50.21327","50.49361","51.17301","51.73917","52.30069","52.89404","53.52376","54.16921","54.77682","56.06104","57.26704","58.21895","59.91056","61.39076","62.59971","63.78646","64.94191","65.97297","69.51747","70.78816","71.9179","72.9426","73.99097","75.16119","76.16961","77.1385","78.29386","78.70639","80.9318","81.84393","82.15633","81.81724","85.02922","85.73653","86.64746","87.48262","88.25261","","",
"Sub-Saharan Africa (IDA & IBRD countries)","TSS","Literacy rate, youth total (% of people ages 15-24)","SE.ADT.1524.LT.ZS","","","","","","","","","","","","","","","","","","","","","","","","","","63.18795","63.50496","64.1533","64.47342","65.09765","65.66056","65.73866","65.9848","66.3305","66.65495","66.75879","67.12189","67.58434","67.54525","68.25","66.39349","66.87515","68.10397","68.49594","70.05202","68.95229","68.42556","68.44992","68.15179","69.00154","69.63891","71.51675","72.79715","73.32631","74.14749","74.74567","75.30532","","",
"Trinidad and Tobago","TTO","Literacy rate, youth total (% of people ages 15-24)","SE.ADT.1524.LT.ZS","","","","","","","","","","","","","","","","","","","","","99.2193999999999","","","","","","","","","","99.3","","","","","","","","","","","","","","","","","","","","","","","","","","","","",
"Tunisia","TUN","Literacy rate, youth total (% of people ages 15-24)","SE.ADT.1524.LT.ZS","","","","","","","","","","","","","","","","","","","","","","","","","74.28412","","","","","","","","","","","","","","","","","","","","94.33898","","","96.29969","96.7942599999999","","97.1717199999999","97.30444","96.865","","96.2091","","","","",
"Turkey","TUR","Literacy rate, youth total (% of people ages 15-24)","SE.ADT.1524.LT.ZS","","","","","","","","","","","","","","","","80.05492","","","","","84.69108","","","","","90.90142","","","","","92.54366","","","","","","","","","","","","","","95.6035","96.11855","96.1815","96.36235","","97.80747","98.22459","98.70935","99.01602","99.22743","99.35848","99.49439","99.62136","","",
"Tuvalu","TUV","Literacy rate, youth total (% of people ages 15-24)","SE.ADT.1524.LT.ZS","","","","","","","","","","","","","","","","","","","","","","","","","","","","","","","","","","","","","","","","","","","","","","","","","","","","","","","","","","","",
"Tanzania","TZA","Literacy rate, youth total (% of people ages 15-24)","SE.ADT.1524.LT.ZS","","","","","","","","","","","","","","","","","","","","","","","","","","","","","81.7533","","","","","","","","","","","","","","78.39605","","","","","","","","74.56052","","85.94","","","85.75514","","","",
"Uganda","UGA","Literacy rate, youth total (% of people ages 15-24)","SE.ADT.1524.LT.ZS","","","","","","","","","","","","","","","","","","","","","","","","","","","","","","","","69.80079","","","","","","","","","","","80.79116","","","","84.06565","","","","87.40883","","83.65888","","","","","","",
"Ukraine","UKR","Literacy rate, youth total (% of people ages 15-24)","SE.ADT.1524.LT.ZS","","","","","","","","","","","","","","","","","","","","","","","","","","","","","","","","","","","","","","","","","","99.80486","","","","","","","","","","","99.9697599999999","","","","","","",
"Upper middle income","UMC","Literacy rate, youth total (% of people ages 15-24)","SE.ADT.1524.LT.ZS","","","","","","","","","","","","","","","","","84.9769","85.10992","86.07781","87.03127","87.91231","88.66088","89.42951","89.91829","90.57498","91.09845","91.59467","92.06679","93.17105","93.34436","93.63994","93.79841","93.91295","94.02766","94.14162","94.29567","94.49694","96.25724","96.33879","96.44298","97.32565","96.68433","96.85958","97.15615","97.97451","98.07091","98.12678","98.34539","98.45161","98.09634","98.09333","98.14915","98.18602","98.16554","98.19239","98.16187","98.15709","","",
"Uruguay","URY","Literacy rate, youth total (% of people ages 15-24)","SE.ADT.1524.LT.ZS","","","","","","","","","","","","","","","","98.2962299999999","","","","","","","","","","98.62861","","","","","","","","","","","98.58024","","","","","","","","","","98.71252","98.75914","98.96814","98.86148","98.78419","98.8622199999999","98.95525","98.92976","98.83889","98.9276","99.15242","98.9325999999999","",
"United States","USA","Literacy rate, youth total (% of people ages 15-24)","SE.ADT.1524.LT.ZS","","","","","","","","","","","","","","","","","","","","","","","","","","","","","","","","","","","","","","","","","","","","","","","","","","","","","","","","","","","",
"Uzbekistan","UZB","Literacy rate, youth total (% of people ages 15-24)","SE.ADT.1524.LT.ZS","","","","","","","","","","","","","","","","","","","","","","","","","","","","","","","","","","","","","","","","","99.87435","","","","","","","","","","","","","100","100","100","100","","",
"St. Vincent and the Grenadines","VCT","Literacy rate, youth total (% of people ages 15-24)","SE.ADT.1524.LT.ZS","","","","","","","","","","","97.96292","","","","","","","","","","","","","","","","","","","","","","","","","","","","","","","","","","","","","","","","","","","","","","","","",
"Venezuela, RB","VEN","Literacy rate, youth total (% of people ages 15-24)","SE.ADT.1524.LT.ZS","","","","","","","","","","","","","","","","","","","","","","93.11176","","","","","","","","","95.43903","","","","","","","","","","","97.19934","","","","","","98.39878","","98.5333","","97.55916","","","","99.00763","98.75951","","",
"British Virgin Islands","VGB","Literacy rate, youth total (% of people ages 15-24)","SE.ADT.1524.LT.ZS","","","","","","","","","","","","","","","","","","","","","","","","","","","","","","","","","","","","","","","","","","","","","","","","","","","","","","","","","","","",
"Virgin Islands (U.S.)","VIR","Literacy rate, youth total (% of people ages 15-24)","SE.ADT.1524.LT.ZS","","","","","","","","","","","","","","","","","","","","","","","","","","","","","","","","","","","","","","","","","","","","","","","","","","","","","","","","","","","",
"Vietnam","VNM","Literacy rate, youth total (% of people ages 15-24)","SE.ADT.1524.LT.ZS","","","","","","","","","","","","","","","","","","","","95.02512","","","","","","","","","","93.73426","","","","","","","","","","94.09706","94.83651","","","","","","","","","97.0916699999999","","","","","","","","","",
"Vanuatu","VUT","Literacy rate, youth total (% of people ages 15-24)","SE.ADT.1524.LT.ZS","","","","","","","","","","","","","","","","","","","","71.8296","","","","","77.2","","","","","","","","","","86.0999999999999","","","","","","","","","","91.8","","","","","","","","","","95.3","","","","",
"World","WLD","Literacy rate, youth total (% of people ages 15-24)","SE.ADT.1524.LT.ZS","","","","","","","","","","","","","","","","77.63501","77.62335","77.78921","78.28828","78.76906","79.19476","79.57776","80.03925","80.3565","80.7612","81.11212","81.43511","82.01648","82.59226","82.91188","83.23121","83.36721","83.64384","83.8158","84.00907","84.21517","84.47197","85.2827","86.03878","86.35695","86.6468","86.70152","87.19825","87.69611","88.45328","88.58608","88.74219","88.9169","89.52514","89.64604","89.68897","89.653","90.60934","90.74271","91.01559","91.18701","91.35885","","",
"Samoa","WSM","Literacy rate, youth total (% of people ages 15-24)","SE.ADT.1524.LT.ZS","","","","","","","","","","","","","","","","","","","","","","","","","","","","","","","","99.0444399999999","","","","","","","","","","","","","","","","","","","","99.23566","","","","","","","",
"Kosovo","XKX","Literacy rate, youth total (% of people ages 15-24)","SE.ADT.1524.LT.ZS","","","","","","","","","","","","","","","","","","","","","","","","","","","","","","","","","","","","","","","","","","","","","","","","","","","","","","","","","","","",
"Yemen, Rep.","YEM","Literacy rate, youth total (% of people ages 15-24)","SE.ADT.1524.LT.ZS","","","","","","","","","","","","","","","","","","","","","","","","","","","","","","","","","","","60.22214","","","","","","","","","","77","","","","","","","","","","","","","","",
"South Africa","ZAF","Literacy rate, youth total (% of people ages 15-24)","SE.ADT.1524.LT.ZS","","","","","","","","","","","","","","","","","","","","","85.16585","","","","","","","","","","","","","","","","93.90515","","","","","","","","","","","97.57078","","98.36509","98.64413","98.78966","98.88204","","98.8822799999999","98.95578","","","",
"Zambia","ZMB","Literacy rate, youth total (% of people ages 15-24)","SE.ADT.1524.LT.ZS","","","","","","","","","","","","","","","","","","","","","","","","","","","","","","","66.3811599999999","","","","","","","","","69.45722","","","69.08881","","","","","64.04964","","","88.71456","","","","","","","","",
"Zimbabwe","ZWE","Literacy rate, youth total (% of people ages 15-24)","SE.ADT.1524.LT.ZS","","","","","","","","","","","","","","","","","","","","","","","89.02185","","","","","","","","","","95.41136","","","","","","","","","","","","","","","","","","","90.9307","","","90.42812","","","","",
